date,close,high,low,open,volume,adjClose,adjHigh,adjLow,adjOpen,adjVolume,divCash,splitFactor
2006-01-03,74.75,74.75,72.25,72.332,28829800,2.24395125222978,2.24395125222978,2.16890271536591,2.17136430737504,807235207,0.0,1.0
2006-01-04,74.97,75.98,74.5,75.13,22128700,2.2505555234738,2.28087513236681,2.23644639854339,2.25535862983309,619604219,0.0,1.0
2006-01-05,74.38,74.9,73.75,74.83,16050800,2.23284406877393,2.24845416444161,2.21393183748423,2.24635280540943,449422849,0.0,1.0
2006-01-06,76.3,76.7,74.55,75.24,25159200,2.29048134508538,2.3024891109836,2.23794736928067,2.2586607654551,704458304,0.0,1.0
2006-01-09,76.05,77.2,75.74,76.73,24108600,2.28297649139899,2.31749881835638,2.27367047282787,2.30338969342597,675041475,0.0,1.0
2006-01-10,80.86,81.89,75.83,76.25,81423900,2.42736987632509,2.458289873513,2.27637222015497,2.2889803743481,2279871479,0.0,1.0
2006-01-11,83.9,84.8,82.59,83.84,53349800,2.51862889715155,2.54564637042255,2.47930346383488,2.51682773226682,1493795893,0.0,1.0
2006-01-12,84.291,86.4,83.62,84.97,45743200,2.53036648831706,2.59367743401543,2.5102234610228,2.55074967092929,1280810880,0.0,1.0
2006-01-13,85.5899,86.01,84.6,84.99,27725200,2.56935870613006,2.58196986226466,2.53964248747344,2.5513500592242,776306376,0.0,1.0
2006-01-17,84.7101,86.38,83.87,85.7,29843700,2.54294762503692,2.59307704572052,2.51772831470919,2.57266384369354,835624435,0.0,1.0
2006-01-18,82.4901,84.05,81.85,83.08,42879900,2.4763045243018,2.52313180936339,2.45708909692318,2.4940129770602,1200638400,0.0,1.0
2006-01-19,79.035,81.66,78.74,81.25,60566000,2.37258444441446,2.45138540812152,2.36372871706452,2.43907744807585,1695849695,0.0,1.0
2006-01-20,76.089,80.04,75.83,79.28,40527100,2.28414724857407,2.40275395623373,2.27637222015497,2.37993920102712,1134759934,0.0,1.0
2006-01-23,77.67,79.56,75.9999,76.1,37847500,2.33160794328678,2.38834463715587,2.28147251872024,2.28447746213627,1059731059,0.0,1.0
2006-01-24,76.04,79.42,75.77,78.76,40794800,2.28267629725154,2.38414191909149,2.27457105527024,2.36432910535943,1142255542,0.0,1.0
2006-01-25,74.2,77.5,73.25,77.39,45563800,2.22744057411973,2.32650464278004,2.19892213011146,2.32320250715803,1275787675,0.0,1.0
2006-01-26,72.33,75.43,71.93,74.53,42192400,2.17130426854555,2.26436445425675,2.15929650264733,2.23734698098576,1181388381,0.0,1.0
2006-01-27,72.03,73.6,71.1,72.89,34066600,2.16229844412189,2.2094289252724,2.13438038840853,2.18811514080306,953865753,0.0,1.0
2006-01-30,75.0,76.6,70.87,71.28,49942900,2.25145610591617,2.29948716950905,2.12747592301705,2.13978388306273,1398402598,0.0,1.0
2006-01-31,75.51,76.34,73.75,75.5,32626500,2.2667660074364,2.2916821216752,2.21393183748423,2.26646581328894,913542913,0.0,1.0
2006-02-01,75.42,76.46,74.64,75.0,18613800,2.2640642601093,2.29528445144467,2.24064911660777,2.25145610591617,521186921,0.0,1.0
2006-02-02,72.1,75.36,72.05,75.32,25261500,2.16439980315408,2.26226309522457,2.1628988324168,2.26106231863474,707322707,0.0,1.0
2006-02-03,71.847,72.79,71.04,72.28,24718700,2.15680489122345,2.18511319932851,2.13257922352379,2.16980329780828,692124292,0.0,1.0
2006-02-06,67.3,72.51,66.74,72.16,58991700,2.02030661237544,2.17670776319975,2.00349574011793,2.16620096803881,1651769251,0.0,1.0
2006-02-07,67.6,69.48,66.68,68.34,49601100,2.02931243679911,2.08574893652074,2.0016945752332,2.05152680371081,1388832188,0.0,1.0
2006-02-08,68.81,69.08,66.0,68.46,34039800,2.06563592864122,2.07374117062252,1.98128137320623,2.05512913348028,953115353,0.0,1.0
2006-02-09,64.95,69.23,64.53,69.21,41063000,1.9497609877234,2.07824408283435,1.93715283353027,2.07764369453944,1149765149,0.0,1.0
2006-02-10,67.31,67.67,62.9,65.13,62874200,2.0206068065229,2.03141379583129,1.88822118749503,1.9551644823776,1760479360,0.0,1.0
2006-02-13,64.71,66.75,64.64,66.52,31553500,1.94255632818447,2.00379593426539,1.94045496915228,1.99689146887391,883498883,0.0,1.0
2006-02-14,67.645,68.1,65.0,65.11,41462100,2.03066331046266,2.04432214417188,1.95126195846068,1.95456409408269,1160939960,0.0,1.0
2006-02-15,69.22,69.62,66.75,67.31,41420400,2.0779438886869,2.08995165458512,2.00379593426539,2.0206068065229,1159772359,0.0,1.0
2006-02-16,70.57,71.01,69.48,69.99,33863400,2.11847009859339,2.13167864108143,2.08574893652074,2.10105883804097,948176148,0.0,1.0
2006-02-17,70.29,70.89,69.61,70.31,20571400,2.11006466246463,2.12807631131196,2.08965146043766,2.11066505075954,575999775,0.0,1.0
2006-02-21,69.08,70.8,68.68,70.63,27843100,2.07374117062252,2.12537456398486,2.0617334047243,2.12027126347812,779607579,0.0,1.0
2006-02-22,71.32,71.67,68.0,69.0,34937100,2.14098465965255,2.15149145481349,2.04132020269733,2.07133961744288,978239778,0.0,1.0
2006-02-23,71.75,73.0,71.43,71.78,30604200,2.15389300799313,2.19141727642507,2.14428679527456,2.1547935904355,856918456,0.0,1.0
2006-02-24,71.46,72.89,71.2,72.14,19098000,2.14518737771693,2.18811514080306,2.13738232988308,2.1656005797439,534744534,0.0,1.0
2006-02-27,70.99,72.12,70.65,72.02,28258600,2.13107825278652,2.16500019144899,2.12087165177303,2.16199824997443,791241591,0.0,1.0
2006-02-28,68.49,72.4,68.1,71.6,45249300,2.05602971592264,2.17340562757774,2.04432214417188,2.1493900957813,1266981666,0.0,1.0
2006-03-01,69.1,69.49,68.02,69.0,27279200,2.07434155891743,2.08604913066819,2.04192059099224,2.07133961744288,763818363,0.0,1.0
2006-03-02,69.61,69.99,68.67,69.02,22331200,2.08965146043766,2.10105883804097,2.06143321057684,2.07194000573779,625274225,0.0,1.0
2006-03-03,67.72,69.91,67.53,69.33,26345300,2.03291476656857,2.09865728486132,2.02721107776692,2.08124602430891,737669137,0.0,1.0
2006-03-06,65.48,67.72,64.94,67.6,32595200,1.96567127753854,2.03291476656857,1.94946079357595,2.02931243679911,912666512,0.0,1.0
2006-03-07,66.31,66.9,65.08,65.76,31174200,1.99058739177735,2.00829884647722,1.95366351164032,1.9740767136673,872878472,0.0,1.0
2006-03-08,65.66,67.2,65.35,66.36,23330400,1.97107477219274,2.01730467090089,1.96176875362162,1.99208836251463,653251853,0.0,1.0
2006-03-09,63.93,66.47,63.81,66.09,28546600,1.91914118468294,1.99539049813664,1.91553885491348,1.98398312053333,799305599,0.0,1.0
2006-03-10,63.19,64.49,62.45,64.01,37255100,1.89692681777124,1.93595205694045,1.87471245085953,1.92154273786259,1043143843,0.0,1.0
2006-03-13,65.68,66.28,64.79,65.61,30756700,1.97167516048765,1.98968680933498,1.94495788136411,1.96957380145546,861188461,0.0,1.0
2006-03-14,67.32,67.32,65.5,65.79,22929300,2.02090700067035,2.02090700067035,1.96627166583345,1.97497729610966,642021042,0.0,1.0
2006-03-15,66.23,68.04,65.52,67.82,31857000,1.9881858385977,2.04252097928715,1.96687205412836,2.03591670804313,891996891,0.0,1.0
2006-03-16,64.31,66.9,64.3,66.89,26772800,1.93054856228625,2.00829884647722,1.93024836813879,2.00799865232977,749639149,0.0,1.0
2006-03-17,64.66,65.54,64.11,64.74,29001500,1.94105535744719,1.96747244242328,1.92454467933714,1.94345691062684,812042812,0.0,1.0
2006-03-20,63.99,65.46,63.87,65.21,21622900,1.92094234956767,1.96507088924363,1.91734001979821,1.95756603555724,605441805,0.0,1.0
2006-03-21,61.81,64.34,61.39,64.3,48048800,1.85550002542238,1.93144914472862,1.84289187122925,1.93024836813879,1345367745,0.0,1.0
2006-03-22,61.67,63.25,61.27,62.26,48067700,1.851297307358,1.89872798265597,1.83928954145978,1.86900876205788,1345896945,0.0,1.0
2006-03-23,60.16,61.9,59.61,61.69,50993800,1.80596799109222,1.85820177274948,1.78945731298217,1.85189769565291,1427827827,0.0,1.0
2006-03-24,59.96,60.94,59.03,60.27,38285000,1.79996410814311,1.82938313459375,1.77204605242975,1.80927012671423,1071981071,0.0,1.0
2006-03-27,59.51,61.38,59.4,60.23,39574000,1.78645537150762,1.84259167708179,1.78315323588561,1.80806935012441,1108073108,0.0,1.0
2006-03-28,58.71,60.14,58.25,59.69,48940100,1.76243983971118,1.80536760279731,1.74863090892822,1.79185886616181,1370324170,0.0,1.0
2006-03-29,62.33,62.52,57.67,59.13,83815500,1.87111012109006,1.87681380989172,1.73121964837581,1.77504799390431,2346836346,0.0,1.0
2006-03-30,62.75,63.3,61.53,62.85,49666100,1.88371827528319,1.90022895339325,1.84709458929362,1.88672021675775,1390652190,0.0,1.0
2006-03-31,62.72,63.61,62.24,63.24,29119900,1.88281769284083,1.90953497196437,1.86840837376296,1.89842778850851,815358015,0.0,1.0
2006-04-03,62.65,64.12,62.61,63.66,29135400,1.88071633380864,1.9248448734846,1.87951555721882,1.91103594270164,815792015,0.0,1.0
2006-04-04,61.17,62.22,61.05,62.11,33283000,1.83628759998523,1.86780798546805,1.83268527021576,1.86450584984604,931924931,0.0,1.0
2006-04-05,67.21,67.21,64.15,64.71,79764600,2.01760486504834,2.01760486504834,1.92574545592696,1.94255632818447,2233411033,0.0,1.0
2006-04-06,71.24,72.05,68.2,68.3,95134600,2.1385831064729,2.1628988324168,2.04732408564644,2.05032602712099,2663771463,0.0,1.0
2006-04-07,69.79,71.21,68.47,70.91,55187100,2.09505495509186,2.13768252403054,2.05542932762773,2.12867669960687,1545240345,0.0,1.0
2006-04-10,68.67,70.93,68.45,70.24,32268400,2.06143321057684,2.12927708790178,2.05482893933282,2.10856369172736,903516103,0.0,1.0
2006-04-11,67.99,69.3,67.07,69.03,33547000,2.04102000854987,2.08034544186654,2.01340214698397,2.07224019988524,939316939,0.0,1.0
2006-04-12,66.71,68.1738,66.3,68.14,26424800,2.00259515767557,2.0465375769801,1.99028719762989,2.0455229207617,739895139,0.0,1.0
2006-04-13,66.469,67.44,65.81,66.3,26238500,1.99536047872189,2.02450933043982,1.97557768440457,1.99028719762989,734678734,0.0,1.0
2006-04-17,64.811,66.84,64.35,66.51,25783500,1.94558828907377,2.00649768159249,1.93174933887607,1.99659127472646,721938721,0.0,1.0
2006-04-18,66.22,66.4737,64.79,65.0,28387300,1.98788564445025,1.99550156997119,1.94495788136411,1.95126195846068,794845194,0.0,1.0
2006-04-19,65.65,67.0,65.47,66.82,38786900,1.97077457804529,2.01130078795178,1.96537108339109,2.00589729329758,1086034286,0.0,1.0
2006-04-20,67.63,70.0,66.2,69.5,59535100,2.03021301924147,2.10135903218842,1.98728525615534,2.08634932481565,1666984466,0.0,1.0
2006-04-21,67.04,68.64,66.47,68.47,28178100,2.0125015645416,2.06053262813448,1.99539049813664,2.05542932762773,788987588,0.0,1.0
2006-04-24,65.75,66.92,65.5,66.92,25251000,1.97377651951984,2.00889923477213,1.96627166583345,2.00889923477213,707028707,0.0,1.0
2006-04-25,66.17,66.59,65.56,65.97,18895100,1.98638467371297,1.9989928279061,1.96807283071819,1.98038079076386,529063329,0.0,1.0
2006-04-26,68.15,68.28,66.4,66.6,25388800,2.04582311490916,2.04972563882608,1.99328913910445,1.99929302205356,710887110,0.0,1.0
2006-04-27,69.36,69.86,67.35,67.74,30212400,2.08214660675127,2.09715631412405,2.02180758311272,2.03351515486348,845948045,0.0,1.0
2006-04-28,70.39,71.3,69.2,69.25,27144200,2.11306660393919,2.14038427135764,2.07734350039198,2.07884447112926,760038360,0.0,1.0
2006-05-01,69.6,71.54,69.16,70.78,26799300,2.0893512662902,2.14758893089657,2.07614272380216,2.12477417568995,750381150,0.0,1.0
2006-05-02,71.62,71.98,70.11,70.15,27559400,2.14999048407621,2.16079747338461,2.10466116781043,2.10586194440026,771663971,0.0,1.0
2006-05-03,71.14,71.95,70.18,71.95,24535400,2.13558116499835,2.15989689094224,2.10676252684262,2.15989689094224,686991886,0.0,1.0
2006-05-04,71.13,72.89,70.46,71.22,30729300,2.13528097085089,2.18811514080306,2.11516796297138,2.13798271817799,860421260,0.0,1.0
2006-05-05,71.89,72.25,71.15,71.86,20139700,2.15809572605751,2.16890271536591,2.13588135914581,2.15719514361514,563912163,0.0,1.0
2006-05-08,71.89,73.8,71.72,72.99,21244700,2.15809572605751,2.21543280822151,2.15299242555077,2.19111708227762,594852194,0.0,1.0
2006-05-09,71.03,72.56,70.62,71.83,18988100,2.13227902937634,2.17820873393703,2.11997106933066,2.15629456117278,531667331,0.0,1.0
2006-05-10,70.6,71.33,69.61,71.29,16424600,2.11937068103575,2.1412848538,2.08965146043766,2.14008407721018,459889259,0.0,1.0
2006-05-11,68.15,70.84,67.55,70.8,29024600,2.04582311490916,2.12657534057469,2.02781146606183,2.12537456398486,812689612,0.0,1.0
2006-05-12,67.7,68.69,66.86,67.7,22920500,2.03231437827366,2.06203359887175,2.0070980698874,2.03231437827366,641774641,0.0,1.0
2006-05-15,67.79,68.38,67.12,67.37,18899200,2.03501612560076,2.05272758030063,2.01490311772124,2.02240797140763,529178129,0.0,1.0
2006-05-16,64.98,68.25,64.75,68.1,33455000,1.95066157016577,2.04882505638371,1.94375710477429,2.04432214417188,936740936,0.0,1.0
2006-05-17,65.26,65.7,64.07,64.705,26935500,1.95906700629452,1.97227554878256,1.92334390274732,1.94240623111074,754194754,0.0,1.0
2006-05-18,63.18,66.26,63.12,65.68,23515800,1.89662662362378,1.98908642104007,1.89482545873905,1.97167516048765,658443058,0.0,1.0
2006-05-19,64.51,64.88,62.82,63.26,35209500,1.93655244523536,1.94765962869121,1.88581963431538,1.89902817680342,985866985,0.0,1.0
2006-05-22,63.38,63.99,62.77,63.87,25677700,1.90263050657289,1.92094234956767,1.88431866357811,1.91734001979821,718976318,0.0,1.0
2006-05-23,63.15,65.19,63.0,64.86,24800500,1.89572604118141,1.95696564726233,1.89122312896958,1.9470592403963,694414694,0.0,1.0
2006-05-24,63.34,63.65,61.56,62.99,32715400,1.90142972998307,1.91073574855419,1.84799517173599,1.89092293482213,916032116,0.0,1.0
2006-05-25,64.33,64.45,63.29,64.26,16549000,1.93114895058116,1.93475128035063,1.89992875924579,1.92904759154897,463372463,0.0,1.0
2006-05-26,63.549,64.56,63.14,64.31,15462500,1.90770378766489,1.93805341597264,1.89542584703396,1.93054856228625,432950432,0.0,1.0
2006-05-30,61.22,63.3,61.2187,63.29,20121500,1.8377885707225,1.90022895339325,1.83774954548334,1.89992875924579,563402563,0.0,1.0
2006-05-31,59.77,61.79,58.69,61.755,45749200,1.79426041934146,1.85489963712747,1.76183945141627,1.85384895761137,1280978880,0.0,1.0
2006-06-01,62.17,62.28,59.52,59.85,33661000,1.86630701473078,1.86960915035279,1.78675556565507,1.7966619725211,942508942,0.0,1.0
2006-06-02,61.66,63.1,60.88,62.99,24492400,1.85099711321055,1.89422507044414,1.82758196970902,1.89092293482213,685787885,0.0,1.0
2006-06-05,60.0,61.15,59.97,61.15,21635200,1.80116488473293,1.83568721169032,1.80026430229057,1.83568721169032,605786205,0.0,1.0
2006-06-06,59.723,60.63,58.91,60.22,25929900,1.79284950684842,1.82007711602263,1.76844372266029,1.80776915597696,726037926,0.0,1.0
2006-06-07,58.565,60.4,58.35,60.1,26803800,1.75808702457307,1.81317265063115,1.75163285040278,1.80416682620749,750507150,0.0,1.0
2006-06-08,60.76,60.93,57.15,58.44,49910100,1.82397963993955,1.8290829404463,1.71560955270812,1.75433459772988,1397484197,0.0,1.0
2006-06-09,59.52,61.56,59.13,61.18,27708500,1.78675556565507,1.84799517173599,1.77504799390431,1.83658779413268,775838775,0.0,1.0
2006-06-12,57.0,59.73,56.96,58.83,25635200,1.71110664049629,1.79305964275164,1.70990586390647,1.76604216948064,717786317,0.0,1.0
2006-06-13,58.33,59.1,57.36,57.61,38594400,1.75103246210787,1.77414741146194,1.72191362980469,1.72941848349107,1080644280,0.0,1.0
2006-06-14,57.61,58.78,56.69,58.28,31362000,1.72941848349107,1.76454119874337,1.70180062192517,1.74953149137059,878136878,0.0,1.0
2006-06-15,59.38,59.74,56.75,57.3,42513700,1.78255284759069,1.79335983689909,1.7036017868099,1.72011246491995,1190384790,0.0,1.0
2006-06-16,57.56,59.19,57.5197,58.955,29932200,1.7279175127538,1.77684915878904,1.72670773033955,1.76979459632384,838102438,0.0,1.0
2006-06-19,57.2,58.18,57.0,57.83,25163400,1.7171105234454,1.74652954989604,1.71110664049629,1.73602275473509,704575904,0.0,1.0
2006-06-20,57.47,58.35,57.29,57.61,24034800,1.7252157654267,1.75163285040278,1.7198122707725,1.72941848349107,672975072,0.0,1.0
2006-06-21,57.86,58.71,57.3,57.74,30832000,1.73692333717746,1.76243983971118,1.72011246491995,1.73332100740799,863296863,0.0,1.0
2006-06-22,59.58,59.75,58.07,58.2,34486900,1.7885567305398,1.79366003104655,1.74322741427403,1.74712993819095,965634165,0.0,1.0
2006-06-23,58.83,60.17,58.73,59.72,23578700,1.76604216948064,1.80626818523968,1.76304022800609,1.79275944860418,660204260,0.0,1.0
2006-06-26,58.99,59.2,58.37,59.17,16662000,1.77084527583993,1.7771493529365,1.75223323869769,1.77624877049413,466536466,0.0,1.0
2006-06-27,57.43,59.22,57.4,59.09,19664700,1.72401498883687,1.77774974123141,1.72311440639451,1.77384721731449,550612150,0.0,1.0
2006-06-28,56.02,57.3,55.41,57.29,30382300,1.68168761404565,1.72011246491995,1.66337577105087,1.7198122707725,850705250,0.0,1.0
2006-06-29,58.97,59.09,56.39,56.76,31192800,1.77024488754502,1.77384721731449,1.6927947975015,1.70390198095736,873399273,0.0,1.0
2006-06-30,57.27,57.75,56.5,57.59,26417700,1.71921188247759,1.73362120155545,1.69609693312351,1.72881809519616,739696339,0.0,1.0
2006-07-03,57.95,58.18,57.34,57.52,6956100,1.73962508450456,1.74652954989604,1.72131324150977,1.72671673616397,194770994,0.0,1.0
2006-07-05,57.0015,57.6,56.56,57.15,18508600,1.71115166961841,1.72911828934362,1.69789809800825,1.71560955270812,518241318,0.0,1.0
2006-07-06,55.77,57.4,55.61,57.09,22614600,1.67418276035926,1.72311440639451,1.66937965399998,1.71380838782339,633209433,0.0,1.0
2006-07-07,55.4,56.55,54.67,55.48,28548600,1.66307557690341,1.69759790386079,1.64116140413916,1.66547713008305,799361599,0.0,1.0
2006-07-10,55.0,56.49,54.5,55.7,18905200,1.65106781100519,1.69579673897606,1.63605810363242,1.67208140132707,529346129,0.0,1.0
2006-07-11,55.65,55.99,54.53,55.11,29465100,1.6705804305898,1.68078703160328,1.63695868607478,1.6543699466272,825023625,0.0,1.0
2006-07-12,52.96,55.24,52.9176,55.17,33118900,1.58982820492427,1.65827247054412,1.58855538173906,1.65617111151193,927330127,0.0,1.0
2006-07-13,52.25,54.12,51.41,52.03,44639500,1.56851442045493,1.62465072602911,1.54329811206867,1.56191014921091,1249907249,0.0,1.0
2006-07-14,50.67,52.89,50.16,52.5,35465600,1.52108374515696,1.58772684589208,1.50577384363673,1.57601927414132,993037793,0.0,1.0
2006-07-17,52.37,53.11,51.65,51.73,36590800,1.5721167502244,1.5943311171361,1.5505027716076,1.55290432478725,1024543424,0.0,1.0
2006-07-18,52.9,53.85,51.85,53.16,35730300,1.58802704003954,1.61654548404781,1.55650665455671,1.59583208787338,1000449400,0.0,1.0
2006-07-19,54.1,55.08,52.36,52.96,49669400,1.6240503377342,1.65346936418483,1.57181655607694,1.58982820492427,1390744590,0.0,1.0
2006-07-20,60.5,61.59,59.72,60.96,70433800,1.81617459210571,1.84889575417836,1.79275944860418,1.82998352288866,1972148372,0.0,1.0
2006-07-21,60.72,61.15,59.64,59.82,31853300,1.82277886334973,1.83568721169032,1.79035789542454,1.79576139007874,891893291,0.0,1.0
2006-07-24,61.42,62.1,60.43,61.26,25816300,1.84379245367161,1.86420565569859,1.81407323307352,1.83898934731233,722857122,0.0,1.0
2006-07-25,61.928,62.09,60.78,61.78,21038200,1.85904231636235,1.86390546155113,1.82458002823446,1.85459944298001,589070189,0.0,1.0
2006-07-26,63.87,64.64,61.68,62.0,32086700,1.91734001979821,1.94045496915228,1.85159750150546,1.86120371422403,898428498,0.0,1.0
2006-07-27,63.4,65.02,62.86,64.505,26251600,1.9032308948678,1.95186234675559,1.8870204109052,1.93640234816163,735045535,0.0,1.0
2006-07-28,65.59,65.68,63.5,63.94,24696700,1.96897341316055,1.97167516048765,1.90623283634236,1.9194413788304,691508291,0.0,1.0
2006-07-31,67.96,68.63,66.28,66.83,31887200,2.0401194261075,2.06023243398702,1.98968680933498,2.00619748744503,892842492,0.0,1.0
2006-08-01,67.18,67.93,65.94,67.22,25420200,2.01670428260598,2.03921884366514,1.9794802083215,2.0179050591958,711766311,0.0,1.0
2006-08-02,68.16,68.68,67.51,67.65,19670300,2.04612330905661,2.0617334047243,2.02661068947201,2.03081340753638,550768950,0.0,1.0
2006-08-03,69.59,70.0,67.8096,67.91,30037300,2.08905107214275,2.10135903218842,2.03560450612977,2.03861845537023,841045241,0.0,1.0
2006-08-04,68.3,68.61,64.96,67.05,66173800,2.05032602712099,2.05963204569211,1.95006118187086,2.01280175868905,1852868252,0.0,1.0
2006-08-07,67.21,69.6,66.31,67.72,44482600,2.01760486504834,2.0893512662902,1.99058739177735,2.03291476656857,1245514045,0.0,1.0
2006-08-08,64.78,67.112,64.51,67.09,35638000,1.94465768721666,2.01466296240328,1.93655244523536,2.01400253527888,997864997,0.0,1.0
2006-08-09,63.59,65.6,63.4,65.43,34137100,1.90893458366946,1.96927360730801,1.9032308948678,1.96417030680127,955839755,0.0,1.0
2006-08-10,64.07,64.81,62.7,63.25,24920000,1.92334390274732,1.94555826965903,1.88221730454592,1.89872798265597,697760697,0.0,1.0
2006-08-11,63.65,64.13,62.58,63.25,27768900,1.91073574855419,1.92514506763205,1.87861497477645,1.89872798265597,777529977,0.0,1.0
2006-08-14,63.94,65.22,63.6,64.05,25629300,1.9194413788304,1.9578662297047,1.90923477781691,1.92274351445241,717621117,0.0,1.0
2006-08-15,66.45,66.5,64.8,65.34,30762600,1.99479010984173,1.996291080579,1.94525807551157,1.96146855947417,861353661,0.0,1.0
2006-08-16,67.98,68.07,66.33,67.1,27903000,2.04071981440242,2.04342156172951,1.99118778007226,2.01430272942633,781284781,0.0,1.0
2006-08-17,67.59,68.66,67.18,68.0,20755300,2.02901224265165,2.06113301642939,2.01670428260598,2.04132020269733,581148981,0.0,1.0
2006-08-18,67.91,68.4,67.26,67.71,19155500,2.03861845537023,2.05332796859555,2.01910583578562,2.03261457242112,536354536,0.0,1.0
2006-08-21,66.56,67.31,66.15,67.3,18793800,1.99809224546374,2.0206068065229,1.98578428541806,2.02030661237544,526226926,0.0,1.0
2006-08-22,67.62,68.32,66.5,66.68,20606000,2.02991282509402,2.0509264154159,1.996291080579,2.0016945752332,576968576,0.0,1.0
2006-08-23,67.31,68.65,66.94,68.0,19152100,2.0206068065229,2.06083282228193,2.00949962306704,2.04132020269733,536259336,0.0,1.0
2006-08-24,67.81,68.19,66.27,67.89,23399700,2.03561651389567,2.04702389149898,1.98938661518753,2.03801806707532,655192255,0.0,1.0
2006-08-25,68.75,69.05,67.31,67.34,19427100,2.06383476375649,2.07284058818015,2.0206068065229,2.02150738896526,543959343,0.0,1.0
2006-08-28,66.98,68.61,66.68,68.5,26362900,2.01070039965687,2.05963204569211,2.0016945752332,2.0563299100701,738161938,0.0,1.0
2006-08-29,66.48,67.26,65.12,66.99,33833300,1.99569069228409,2.01910583578562,1.95486428823015,2.01100059380432,947333347,0.0,1.0
2006-08-30,66.96,67.82,66.68,67.335,24290800,2.01010001136195,2.03591670804313,2.0016945752332,2.02135729189154,680143080,0.0,1.0
2006-08-31,67.85,68.3,66.66,67.28,20524900,2.03681729048549,2.05032602712099,2.00109418693829,2.01970622408053,574697774,0.0,1.0
2006-09-01,68.38,68.65,67.82,68.48,14589100,2.05272758030063,2.06083282228193,2.03591670804313,2.05572952177519,408495208,0.0,1.0
2006-09-05,71.48,71.5,68.55,68.97,36159200,2.14578776601184,2.14638815430675,2.05783088080738,2.07043903500051,1012458612,0.0,1.0
2006-09-06,70.03,71.69,69.7,71.08,34789400,2.10225961463079,2.1520918431084,2.09235320776476,2.13378000011362,974104174,0.0,1.0
2006-09-07,72.8,73.48,70.25,70.6,45284200,2.18541339347596,2.20582659550293,2.10886388587481,2.11937068103575,1267958867,0.0,1.0
2006-09-08,72.52,73.57,71.91,73.37,31997200,2.17700795734721,2.20852834283003,2.15869611435242,2.20252445988092,895922495,0.0,1.0
2006-09-11,72.5,73.73,71.42,72.43,33897300,2.1764075690523,2.21333144918932,2.1439866011271,2.17430621002011,949125349,0.0,1.0
2006-09-12,72.63,73.45,71.45,72.81,60167400,2.18031009296922,2.20492601306057,2.14488718356947,2.18571358762342,1684688884,0.0,1.0
2006-09-13,74.2,74.32,72.3,72.85,40933500,2.22744057411973,2.2310429038892,2.17040368610319,2.18691436421324,1146139146,0.0,1.0
2006-09-14,74.17,74.67,73.46,73.72,28633200,2.22653999167736,2.24154969905014,2.20522620720802,2.21303125504187,801730401,0.0,1.0
2006-09-15,74.1,74.98,73.29,74.6,35066200,2.22443863264517,2.25085571762126,2.20012290670128,2.23944834001795,981854581,0.0,1.0
2006-09-18,73.89,74.86,73.3,73.8,25188500,2.21813455554861,2.24725338785179,2.20042310084874,2.21543280822151,705278705,0.0,1.0
2006-09-19,73.77,74.36,72.8,74.1,25358900,2.21453222577914,2.23224368047902,2.18541339347596,2.22443863264517,710049910,0.0,1.0
2006-09-20,75.26,75.68,74.22,74.38,29385400,2.25926115375001,2.27186930794314,2.22804096241464,2.23284406877393,822792022,0.0,1.0
2006-09-21,74.65,76.06,74.02,75.25,28361600,2.24094931075523,2.28327668554645,2.22203707946553,2.25896095960256,794125594,0.0,1.0
2006-09-22,73.0,74.34,72.58,74.3,23754000,2.19141727642507,2.23164329218411,2.17880912223194,2.23044251559428,665112665,0.0,1.0
2006-09-25,75.75,75.86,73.72,73.81,30678300,2.27397066697533,2.27727280259734,2.21303125504187,2.21573300236897,858993258,0.0,1.0
2006-09-26,77.61,77.78,76.1,76.18,39391000,2.32980677840205,2.33491007890879,2.28447746213627,2.28687901531592,1102949102,0.0,1.0
2006-09-27,76.41,77.47,75.82,77.17,28941900,2.29378348070739,2.32560406033767,2.27607202600752,2.31659823591401,810374010,0.0,1.0
2006-09-28,77.01,77.48,75.95,77.02,25843200,2.31179512955472,2.32590425448513,2.27997454992444,2.31209532370218,723610323,0.0,1.0
2006-09-29,76.98,77.52,76.68,77.11,14493300,2.31089454711236,2.32710503107495,2.30188872268869,2.31479707102928,405812805,0.0,1.0
2006-10-02,74.86,75.87,74.3,75.1,25451400,2.24725338785179,2.2775729967448,2.23044251559428,2.25445804739072,712639912,0.0,1.0
2006-10-03,74.07,74.95,73.19,74.45,28239600,2.22353805020281,2.24995513517889,2.19712096522672,2.23494542780612,790709590,0.0,1.0
2006-10-04,75.38,75.462,73.16,74.1,29610100,2.26286348351948,2.26532507552861,2.19622038278436,2.22443863264517,829083629,0.0,1.0
2006-10-05,74.83,76.16,74.13,74.53,24424400,2.24635280540943,2.28627862702101,2.22533921508754,2.23734698098576,683883883,0.0,1.0
2006-10-06,74.22,75.04,73.81,74.42,16677100,2.22804096241464,2.25265688250599,2.21573300236897,2.23404484536375,466959266,0.0,1.0
2006-10-09,74.63,75.08,73.53,73.8,15650800,2.24034892246032,2.25385765909581,2.20732756624021,2.21543280822151,438222838,0.0,1.0
2006-10-10,73.81,74.58,73.08,74.54,18985300,2.21573300236897,2.23884795172304,2.19381882960471,2.23764717513322,531588931,0.0,1.0
2006-10-11,73.23,73.98,72.6,73.42,20423400,2.19832174181655,2.22083630287571,2.17940951052685,2.2040254306182,571855771,0.0,1.0
2006-10-12,75.26,75.39,73.6,73.61,21173400,2.25926115375001,2.26316367766693,2.2094289252724,2.20972911941986,592855792,0.0,1.0
2006-10-13,75.02,76.88,74.74,75.63,24435600,2.25205649421108,2.3078926056378,2.24365105808233,2.27036833720586,684197484,0.0,1.0
2006-10-16,75.4,75.88,74.789,75.19,18167600,2.26346387181439,2.27787319089225,2.24512200940486,2.25715979471782,508693308,0.0,1.0
2006-10-17,74.29,75.27,74.04,75.04,17175900,2.23014232144683,2.25956134789747,2.22263746776044,2.25265688250599,480925680,0.0,1.0
2006-10-18,74.53,78.59,73.91,74.75,40496700,2.23734698098576,2.35922580485269,2.21873494384352,2.24395125222978,1133908733,0.0,1.0
2006-10-19,78.99,79.95,78.16,79.26,54034900,2.37123357075091,2.40005220890664,2.3463174565121,2.37933881273221,1512978712,0.0,1.0
2006-10-20,79.95,79.99,78.67,78.97,22836200,2.40005220890664,2.40125298549646,2.36162735803233,2.370633182456,639414239,0.0,1.0
2006-10-23,81.46,81.9,79.75,79.99,29732400,2.44538152517241,2.45859006766046,2.39404832595753,2.40125298549646,832508032,0.0,1.0
2006-10-24,81.05,81.68,80.2,81.21,16543300,2.43307356512674,2.45198579641644,2.40755706259302,2.43787667148603,463212863,0.0,1.0
2006-10-25,81.68,82.0,81.01,81.35,17329100,2.45198579641644,2.46159200913501,2.43187278853692,2.4420793895504,485215285,0.0,1.0
2006-10-26,82.19,82.6,81.13,81.9,15455600,2.46729569793666,2.47960365798234,2.43547511830638,2.45859006766046,432757232,0.0,1.0
2006-10-27,80.41,82.45,80.01,81.75,21248800,2.41386113968959,2.47510074577051,2.40185337379137,2.45408715544862,594966994,0.0,1.0
2006-10-30,80.42,80.9,79.5,79.985,17854200,2.41416133383704,2.42857065291491,2.38654347227114,2.40110288842273,499918099,0.0,1.0
2006-10-31,81.08,81.68,80.23,81.45,17909800,2.43397414756911,2.45198579641644,2.40845764503539,2.44508133102496,501474901,0.0,1.0
2006-11-01,79.16,81.38,78.36,81.1,21828300,2.37633687125765,2.44297997199277,2.35232133946121,2.43457453586402,611193011,0.0,1.0
2006-11-02,78.98,79.32,78.5,78.915,16624400,2.37093337660345,2.38113997761694,2.35652405752559,2.36898211464499,465483665,0.0,1.0
2006-11-03,78.29,79.53,77.79,79.36,15424600,2.35021998042902,2.38744405471351,2.33521027305625,2.38234075420676,431889231,0.0,1.0
2006-11-06,79.71,80.06,78.43,78.95,15520600,2.3928475493677,2.40335434452865,2.3544226984934,2.37003279416109,434577234,0.0,1.0
2006-11-07,80.51,81.0,80.13,80.45,18783300,2.41686308116414,2.43157259438946,2.40545570356083,2.41506191627941,525932925,0.0,1.0
2006-11-08,82.45,82.69,79.89,80.02,24675600,2.47510074577051,2.48230540530944,2.3982510440219,2.40215356793882,690917490,0.0,1.0
2006-11-09,83.34,84.69,82.12,82.9,32966200,2.50181802489405,2.54234423480054,2.46519433890448,2.48860948240601,923054523,0.0,1.0
2006-11-10,83.12,83.6,82.5,83.55,13352300,2.49521375365003,2.50962307272789,2.47660171650779,2.50812210199061,373864773,0.0,1.0
2006-11-13,84.35,84.45,82.64,83.22,16095500,2.53213763378705,2.53513957526161,2.48080443457216,2.49821569512458,450674450,0.0,1.0
2006-11-14,85.0,85.0,83.9,84.8,21034100,2.55165025337166,2.55165025337166,2.51862889715155,2.54564637042255,588955388,0.0,1.0
2006-11-15,84.05,85.9,84.0,85.05,23404400,2.52313180936339,2.57866772664265,2.52163083862611,2.55315122410894,655323855,0.0,1.0
2006-11-16,85.61,86.3,84.62,84.87,24783600,2.56996209636644,2.59067549254087,2.54024287576835,2.54774772945474,693941493,0.0,1.0
2006-11-17,85.85,85.94,85.0,85.145,16658000,2.57716675590537,2.57986850323247,2.55165025337166,2.55600306850976,466424466,0.0,1.0
2006-11-20,86.47,87.0,85.2,85.4,20385500,2.59577879304761,2.61168908286276,2.55765413632077,2.56365801926988,570794570,0.0,1.0
2006-11-21,88.6,88.6,87.11,87.42,22238100,2.65972014645563,2.65972014645563,2.61499121848477,2.62429723705589,622667422,0.0,1.0
2006-11-22,90.31,90.75,87.85,88.99,23997900,2.71105334567052,2.72426188815856,2.63720558539647,2.6714277182064,671941871,0.0,1.0
2006-11-24,91.63,93.08,89.5,89.53,18524200,2.75067897313465,2.79420712451569,2.68673761972663,2.68763820216899,518678118,0.0,1.0
2006-11-27,89.54,93.159,89.5,92.51,38387000,2.68793839631645,2.79657865828059,2.68673761972663,2.77709605811073,1074837074,0.0,1.0
2006-11-28,91.81,91.97,89.91,90.36,37006200,2.75608246778885,2.76088557414813,2.6990455797723,2.7125543164078,1036174636,0.0,1.0
2006-11-29,91.8,93.15,90.25,93.0,41324400,2.75578227364139,2.79630848354788,2.70925218078579,2.79180557133605,1157084357,0.0,1.0
2006-11-30,91.66,92.68,91.06,92.215,31088800,2.75157955557701,2.78219935861747,2.73356790672968,2.76824033076079,870487270,0.0,1.0
2006-12-01,91.32,92.33,90.1,91.8,28395700,2.74137295456353,2.77169256345653,2.70474926857396,2.75578227364139,795080395,0.0,1.0
2006-12-04,91.12,92.05,90.5,91.88,25340600,2.73536907161442,2.76328712732778,2.71675703447218,2.75818382682103,709537509,0.0,1.0
2006-12-05,91.27,92.33,90.87,91.655,23672800,2.73987198382625,2.77169256345653,2.72786421792803,2.75142945850329,662839062,0.0,1.0
2006-12-06,89.83,91.39,89.67,90.645,22792300,2.69664402659266,2.74347431359572,2.69184092023337,2.72110984961028,638185038,0.0,1.0
2006-12-07,87.04,90.5,86.9,90.025,35886700,2.61288985945258,2.71675703447218,2.6086871413882,2.70249781246804,1004828604,0.0,1.0
2006-12-08,88.26,89.39,87.0,87.23,28009900,2.64951354544215,2.68343548410462,2.61168908286276,2.61859354825423,784277984,0.0,1.0
2006-12-11,88.75,89.3,88.05,88.9,17849300,2.66422305866747,2.68073373677752,2.64320946834558,2.6687259708793,499780899,0.0,1.0
2006-12-12,86.14,88.84,85.53,88.61,36665000,2.58587238618158,2.66692480599457,2.5675605431868,2.66002034060309,1026621026,0.0,1.0
2006-12-13,89.05,89.07,87.15,87.95,30609000,2.67322888309113,2.67382927138604,2.61619199507459,2.64020752687103,857052857,0.0,1.0
2006-12-14,88.55,90.0,88.26,89.05,29726100,2.65821917571836,2.7017473270994,2.64951354544215,2.67322888309113,832331632,0.0,1.0
2006-12-15,87.72,89.22,87.33,89.02,26426400,2.63330306147955,2.67833218359787,2.62159548972879,2.67232830064876,739939939,0.0,1.0
2006-12-18,85.47,88.0,84.59,87.625,25770600,2.56575937830207,2.6417084976083,2.53934229332598,2.63045121707872,721577521,0.0,1.0
2006-12-19,86.31,86.68,83.62,84.73,32550200,2.59097568668833,2.60208287014418,2.5102234610228,2.54354501139036,911406511,0.0,1.0
2006-12-20,84.76,86.67,84.74,86.47,20274700,2.54444559383273,2.60178267599672,2.54384520553781,2.59577879304761,567692167,0.0,1.0
2006-12-21,82.9,85.48,82.2,84.6956,32271400,2.48860948240601,2.56605957244952,2.46759589208412,2.54251234352311,903600103,0.0,1.0
2006-12-22,82.2,84.0391,81.6,83.46,21903700,2.46759589208412,2.52280459774266,2.44958424323679,2.50542035466351,613304213,0.0,1.0
2006-12-26,81.51,82.57,80.89,82.15,17524600,2.44688249590969,2.47870307553997,2.42827045876745,2.46609492134684,490689290,0.0,1.0
2006-12-27,81.52,82.0,76.77,78.15,69134100,2.44718269005715,2.46159200913501,2.30459047001579,2.34601726236465,1935756735,0.0,1.0
2006-12-28,80.87,81.25,79.65,80.22,39995600,2.42767007047254,2.43907744807585,2.39104638448297,2.40815745088793,1119877919,0.0,1.0
2006-12-29,84.84,85.4,83.36,83.95,38443900,2.54684714701237,2.56365801926988,2.50241841318896,2.52012986788883,1076430276,0.0,1.0
2007-01-03,83.8,86.58,81.9,86.29,44225700,2.515626955677,2.59908092866962,2.45859006766046,2.59037529839342,1238320838,0.0,1.0
2007-01-04,85.66,85.95,83.82,84.05,30259300,2.57146306710372,2.58016869737993,2.51622734397191,2.52313180936339,847261247,0.0,1.0
2007-01-05,85.05,86.2,84.4,85.77,29812200,2.55315122410894,2.58767355106632,2.53363860452433,2.57476520272573,834742434,0.0,1.0
2007-01-08,85.47,86.53,85.28,85.96,28468100,2.56575937830207,2.59757995793235,2.56005568950041,2.58046889152738,797107597,0.0,1.0
2007-01-09,92.57,92.98,85.15,86.45,119617800,2.77889722299546,2.79120518304114,2.55615316558349,2.5951784047527,3349301749,0.0,1.0
2007-01-10,97.0,97.8,93.45,94.75,105460000,2.91188323031824,2.93589876211468,2.80531430797155,2.84433954714076,2952882952,0.0,1.0
2007-01-11,95.8,96.78,95.1,95.94,51437600,2.87585993262359,2.90527895907422,2.8548463423017,2.88006265068796,1440254240,0.0,1.0
2007-01-12,94.62,95.06,93.23,94.59,46881800,2.84043702322384,2.85364556571188,2.79871003672753,2.83953644078147,1312691712,0.0,1.0
2007-01-16,97.1,97.25,95.45,95.68,44431300,2.9148851717928,2.91938808400463,2.86535313746264,2.87225760285412,1244077644,0.0,1.0
2007-01-17,94.95,97.6,94.82,97.56,58795000,2.85034343008987,2.92989487916557,2.84644090617295,2.92869410257575,1646261646,0.0,1.0
2007-01-18,89.07,92.11,89.05,92.1,84450200,2.67382927138604,2.76508829221251,2.67322888309113,2.76478809806505,2364607964,0.0,1.0
2007-01-19,88.5,89.65,88.12,88.63,48731200,2.65671820498108,2.69124053193846,2.64531082737777,2.660620728898,1364474964,0.0,1.0
2007-01-22,86.79,89.16,85.65,89.14,51929500,2.60538500576619,2.67653101871314,2.57116287295626,2.67593063041823,1454027454,0.0,1.0
2007-01-23,85.7,87.51,85.51,85.73,43122300,2.57266384369354,2.62699898438299,2.56696015489189,2.57356442613591,1207425607,0.0,1.0
2007-01-24,86.7,87.15,86.08,86.68,33136200,2.60268325843909,2.61619199507459,2.58407122129685,2.60208287014418,927814527,0.0,1.0
2007-01-25,86.25,88.5,86.03,87.111,32356200,2.58917452180359,2.65671820498108,2.58257025055957,2.61502123789951,905974505,0.0,1.0
2007-01-26,85.38,87.37,84.99,87.115,35245500,2.56305763097497,2.62279626631861,2.5513500592242,2.61514131555849,986874986,0.0,1.0
2007-01-29,85.94,86.65,85.53,86.3,32202300,2.57986850323247,2.60118228770181,2.5675605431868,2.59067549254087,901665301,0.0,1.0
2007-01-30,85.55,86.49,85.25,86.43,20641800,2.56816093148171,2.59637918134253,2.55915510705804,2.59457801645779,577970977,0.0,1.0
2007-01-31,85.73,86.0,84.35,84.86,30573900,2.57356442613591,2.58166966811721,2.53213763378705,2.54744753530728,856070056,0.0,1.0
2007-02-01,84.74,86.27,84.74,86.23,23726500,2.54384520553781,2.5897749100985,2.54384520553781,2.58857413350868,664342664,0.0,1.0
2007-02-02,84.75,85.25,83.7,84.12,22197500,2.54414539968527,2.55915510705804,2.51262501420244,2.52523316839557,621530621,0.0,1.0
2007-02-05,83.94,85.23,83.94,84.3,20673300,2.51982967374138,2.55855471876313,2.51982967374138,2.53063666304977,578852978,0.0,1.0
2007-02-06,84.15,84.47,82.86,84.45,30871200,2.52613375083794,2.53573996355652,2.48740870581618,2.53513957526161,864394464,0.0,1.0
2007-02-07,86.15,86.38,83.55,84.48,38100900,2.58617258032904,2.59307704572052,2.50812210199061,2.53604015770397,1066826266,0.0,1.0
2007-02-08,86.18,86.51,85.41,85.43,24251100,2.58707316277141,2.59697956963744,2.56395821341733,2.56455860171224,679031479,0.0,1.0
2007-02-09,83.27,86.2,83.21,85.88,30733600,2.49971666586186,2.58767355106632,2.49791550097713,2.57806733834774,860541660,0.0,1.0
2007-02-12,84.88,85.18,83.63,84.43,25859700,2.54804792360219,2.55705374802586,2.51052365517026,2.53453918696669,724072324,0.0,1.0
2007-02-13,84.7,85.29,84.3,85.16,20749500,2.54264442894799,2.56035588364787,2.53063666304977,2.55645335973095,580986580,0.0,1.0
2007-02-14,85.3,85.64,84.57,84.63,18142200,2.56065607779532,2.57086267880881,2.53874190503107,2.5405430699158,507982107,0.0,1.0
2007-02-15,85.21,85.62,84.78,85.44,12987900,2.55795433046822,2.5702622905139,2.54504598212764,2.5648587958597,363661563,0.0,1.0
2007-02-16,84.83,85.41,84.66,85.25,14281000,2.54654695286491,2.56395821341733,2.54144365235817,2.55915510705804,399868399,0.0,1.0
2007-02-20,85.9,86.16,84.16,84.65,22060800,2.57866772664265,2.58647277447649,2.5264339449854,2.54114345821072,617703017,0.0,1.0
2007-02-21,89.2,89.49,85.96,85.98,41261200,2.67773179530296,2.68643742557917,2.58046889152738,2.5810692798223,1155314755,0.0,1.0
2007-02-22,89.51,90.81,88.53,90.8,29936600,2.68703781387408,2.7260630530433,2.65761878742345,2.72576285889584,838225638,0.0,1.0
2007-02-23,89.07,90.34,88.85,89.16,18496200,2.67382927138604,2.71195392811289,2.66722500014202,2.67653101871314,517894117,0.0,1.0
2007-02-26,88.65,90.0,87.61,89.84,21994600,2.66122111719291,2.7017473270994,2.63000092585754,2.69694422074011,615849415,0.0,1.0
2007-02-27,83.93,87.08,83.41,86.3,40921900,2.51952947959392,2.6140906360424,2.50391938392623,2.59067549254087,1145814345,0.0,1.0
2007-02-28,84.61,85.6,83.0,83.0,32838400,2.53994268162089,2.56966190221899,2.49161142388056,2.49161142388056,919476119,0.0,1.0
2007-03-01,87.06,88.31,83.75,84.03,50554600,2.61349024774749,2.65101451617942,2.51412598493972,2.52253142106848,1415530215,0.0,1.0
2007-03-02,85.41,87.54,85.21,86.77,30714300,2.56395821341733,2.62789956682535,2.55795433046822,2.60478461747128,860001260,0.0,1.0
2007-03-05,86.3199,88.65,85.76,85.89,29960700,2.59127287889431,2.66122111719291,2.57446500857827,2.5783675324952,838900438,0.0,1.0
2007-03-06,88.19,88.31,87.4,87.8,25828100,2.64741218640996,2.65101451617942,2.62369684876098,2.63570461465919,723187523,0.0,1.0
2007-03-07,87.72,88.97,87.45,88.05,22367300,2.63330306147955,2.67082732991149,2.62519781949825,2.64320946834558,626285026,0.0,1.0
2007-03-08,88.0,88.72,87.46,88.59,18250400,2.6417084976083,2.6633224762251,2.62549801364571,2.65941995230818,511011711,0.0,1.0
2007-03-09,87.97,88.85,87.4,88.8,16137000,2.64080791516594,2.66722500014202,2.62369684876098,2.66572402940474,451836451,0.0,1.0
2007-03-12,89.87,89.99,87.99,88.07,26050300,2.69784480318248,2.70144713295195,2.64140830346085,2.64380985664049,729409129,0.0,1.0
2007-03-13,88.4,90.6,88.4,89.41,30996100,2.65371626350652,2.71975897594673,2.65371626350652,2.68403587239953,867891667,0.0,1.0
2007-03-14,90.0,90.0,87.92,88.6,28449500,2.7017473270994,2.7017473270994,2.63930694442866,2.65972014645563,796586796,0.0,1.0
2007-03-15,89.57,90.36,89.31,89.96,19982100,2.68883897875882,2.7125543164078,2.68103393092497,2.70054655050958,559499359,0.0,1.0
2007-03-16,89.59,89.99,89.32,89.538,20418000,2.68943936705373,2.70144713295195,2.68133412507243,2.68787835748696,571704571,0.0,1.0
2007-03-19,91.13,91.55,89.59,90.24,25462900,2.73566926576187,2.748277419955,2.68943936705373,2.70895198663833,712961912,0.0,1.0
2007-03-20,91.48,91.84,91.06,91.35,17461300,2.74617606092281,2.75698305023121,2.73356790672968,2.74227353700589,488916888,0.0,1.0
2007-03-21,93.87,94.0,91.65,91.99,24532000,2.81792246216468,2.8218249860816,2.75127936142956,2.76148596244304,686896686,0.0,1.0
2007-03-22,93.96,94.36,93.0,93.73,20053300,2.82062420949178,2.83263197539,2.79180557133605,2.8137197441003,561492961,0.0,1.0
2007-03-23,93.52,94.07,93.3,93.35,16103000,2.80741566700373,2.82392634511379,2.80081139575971,2.80231236649699,450884450,0.0,1.0
2007-03-26,95.85,95.9,93.3,93.99,30892400,2.87736090336086,2.87886187409814,2.80081139575971,2.82152479193414,864988064,0.0,1.0
2007-03-27,95.46,96.83,95.0,95.71,33287600,2.8656533316101,2.9067799298115,2.85184440082715,2.87315818529649,932053732,0.0,1.0
2007-03-28,93.24,95.4,93.15,94.88,33654900,2.79901023087498,2.86385216672537,2.79630848354788,2.84824207105768,942338142,0.0,1.0
2007-03-29,93.75,94.19,92.23,94.19,25918700,2.81432013239521,2.82752867488325,2.76869062198198,2.82752867488325,725724325,0.0,1.0
2007-03-30,92.91,94.68,92.75,94.28,21448500,2.78910382400895,2.84223818810857,2.78430071764966,2.83023042221035,600558600,0.0,1.0
2007-04-02,93.65,94.25,93.02,94.14,17928300,2.81131819092066,2.82932983976798,2.79240595963096,2.82602770414597,501992901,0.0,1.0
2007-04-03,94.5,95.23,93.76,94.14,20854800,2.83683469345437,2.85874886621862,2.81462032654267,2.82602770414597,583934983,0.0,1.0
2007-04-04,94.27,95.14,94.13,94.94,17028000,2.8299302280629,2.85604711889152,2.82572750999852,2.85004323594241,476784476,0.0,1.0
2007-04-05,94.68,94.68,93.52,94.12,12697000,2.84223818810857,2.84223818810857,2.80741566700373,2.82542731585106,355516355,0.0,1.0
2007-04-09,93.65,95.3,93.04,95.21,14762200,2.81131819092066,2.86085022525081,2.79300634792587,2.85814847792371,413342013,0.0,1.0
2007-04-10,94.25,94.258,93.41,93.67,12588100,2.82932983976798,2.82956999508595,2.80411353138172,2.81191857921557,352467152,0.0,1.0
2007-04-11,92.59,93.95,92.33,93.9,19607800,2.77949761129037,2.82032401534432,2.77169256345653,2.81882304460704,549018949,0.0,1.0
2007-04-12,92.19,92.31,90.72,92.04,23452700,2.76748984539215,2.77109217516162,2.7233613057162,2.76298693318032,656676256,0.0,1.0
2007-04-13,90.24,91.4001,90.0599,90.9,25712200,2.70895198663833,2.74377750968464,2.70354549004266,2.7287648003704,719942319,0.0,1.0
2007-04-16,91.43,91.5,90.25,90.57,21751200,2.74467509018554,2.74677644921773,2.70925218078579,2.71885839350436,609034209,0.0,1.0
2007-04-17,90.35,92.3,89.7,92.0,26854300,2.71225412226034,2.77079198101416,2.69274150267574,2.7617861565905,751921151,0.0,1.0
2007-04-18,90.4,90.85,89.6,90.16,16573000,2.71375509299762,2.72726382963312,2.68973956120118,2.70655043345869,464044464,0.0,1.0
2007-04-19,90.27,91.25,89.83,90.19,15211200,2.7098525690807,2.73927159553134,2.69664402659266,2.70745101590106,425914025,0.0,1.0
2007-04-20,90.97,91.18,90.55,90.889,18670700,2.73086615940258,2.73717023649915,2.71825800520945,2.72843458680819,522780122,0.0,1.0
2007-04-23,93.51,93.8,91.42,91.585,27867500,2.80711547285628,2.81582110313249,2.74437489603808,2.7493280994711,780290780,0.0,1.0
2007-04-24,93.24,96.39,91.3,93.96,37687600,2.79901023087498,2.89357138732346,2.74077256626862,2.82062420949178,1055253855,0.0,1.0
2007-04-25,95.348,95.4,93.8,94.23,42398000,2.8622911571586,2.86385216672537,2.81582110313249,2.82872945147307,1187145187,0.0,1.0
2007-04-26,98.84,102.5,98.3,101.58,62063500,2.96711895345005,3.07699001141876,2.95090846948746,3.04937214985286,1737779737,0.0,1.0
2007-04-27,99.92,99.95,97.69,98.18,24978700,2.99953992137525,3.00044050381761,2.93259662649267,2.94730613971799,699404299,0.0,1.0
2007-04-30,99.8,101.0,99.67,100.09,22018200,2.99593759160578,3.03196088930044,2.99203506768886,3.00464322188199,616510216,0.0,1.0
2007-05-01,99.47,100.35,98.55,99.59,19018700,2.98603118473975,3.01244826971583,2.95841332317385,2.98963351450922,532524132,0.0,1.0
2007-05-02,100.39,100.54,99.47,99.65,18040900,3.01364904630566,3.01815195851749,2.98603118473975,2.99143467939395,505145705,0.0,1.0
2007-05-03,100.4,101.45,100.01,100.73,20574200,3.01394924045311,3.04546962593594,3.00224166870235,3.02385564731914,576078176,0.0,1.0
2007-05-04,100.81,101.6,100.5,100.8,13642400,3.02625720049879,3.04997253814777,3.01695118192767,3.02595700635133,381987581,0.0,1.0
2007-05-07,103.92,104.35,101.01,101.08,30769900,3.11961758035744,3.13252592869803,3.0322610834479,3.03436244248008,861558061,0.0,1.0
2007-05-08,105.06,105.15,103.42,103.47,27999900,3.15383971316737,3.15654146049447,3.10460787298467,3.10610884372195,783997983,0.0,1.0
2007-05-09,106.88,106.96,104.89,104.91,25634200,3.20847504800427,3.21087660118391,3.14873641266063,3.14933680095554,717758317,0.0,1.0
2007-05-10,107.34,108.84,105.92,106.63,42759200,3.22228397878722,3.26731310090554,3.17965640984854,3.20097019431788,1197258797,0.0,1.0
2007-05-11,108.74,109.13,106.78,107.74,23346300,3.26431115943099,3.27601873118175,3.20547310652971,3.23429174468544,653697053,0.0,1.0
2007-05-14,109.36,110.0,108.25,109.62,23283800,3.28292319657323,3.30213562201038,3.24960164620567,3.29072824440707,651947051,0.0,1.0
2007-05-15,107.52,110.2,106.48,109.57,34089800,3.22768747344142,3.30813950495949,3.19646728210605,3.28922727366979,954515354,0.0,1.0
2007-05-16,107.34,108.83,103.42,108.53,40241700,3.22228397878722,3.26701290675809,3.10460787298467,3.25800708233442,1126768726,0.0,1.0
2007-05-17,109.44,109.87,107.15,107.15,26260400,3.28532474975287,3.29823309809346,3.21658028998557,3.21658028998557,735291935,0.0,1.0
2007-05-18,110.02,110.64,109.77,110.23,22190900,3.30273601030529,3.32134804744753,3.2952311566189,3.30904008740186,621345821,0.0,1.0
2007-05-21,111.98,112.45,110.05,110.31,22853300,3.36157406320657,3.37568318813698,3.30363659274766,3.3114416405815,639893039,0.0,1.0
2007-05-22,113.54,113.75,112.01,112.49,20443200,3.40840435020962,3.41470842730619,3.36247464564893,3.3768839647268,572410172,0.0,1.0
2007-05-23,112.89,115.0,112.59,114.02,32549100,3.38889173062502,3.45223269573812,3.37988590620135,3.42281366928749,911375711,0.0,1.0
2007-05-24,110.69,114.46,110.37,112.81,31691500,3.32284901818481,3.43602221177553,3.31324280546623,3.38649017744537,887362887,0.0,1.0
2007-05-25,113.62,113.78,111.5,112.0,22605700,3.41080590338927,3.41560900974856,3.3471647441287,3.36217445150148,632960232,0.0,1.0
2007-05-29,114.35,114.86,112.69,114.45,23060500,3.43272007615352,3.44802997767375,3.38288784767591,3.43572201762807,645694645,0.0,1.0
2007-05-30,118.77,118.88,113.53,114.3,52801600,3.56540588932884,3.56870802495085,3.40810415606217,3.43121910541624,1478446278,0.0,1.0
2007-05-31,121.191,122.17,119.541,120.07,46323800,3.63808289242782,3.66747189946371,3.58855085809766,3.60443112849806,1297067697,0.0,1.0
2007-06-01,118.4,121.19,118.29,121.1,31616500,3.55429870587299,3.63805287301307,3.55099657025098,3.63535112568597,885262885,0.0,1.0
2007-06-04,121.33,121.73,117.9,118.63,31666900,3.64225559107745,3.65426335697567,3.53928899850022,3.56120317126447,886674086,0.0,1.0
2007-06-05,122.67,122.69,120.5,121.41,32885200,3.68248160683649,3.6830819951314,3.61733947683864,3.64465714425709,920786520,0.0,1.0
2007-06-06,123.64,124.05,121.95,122.3,39722900,3.71160043913967,3.72390839918534,3.66086762821969,3.67137442338063,1112242312,0.0,1.0
2007-06-07,124.069,127.61,123.19,124.99,68395700,3.72447876806551,3.8307775156795,3.69809170250417,3.75212664904616,1915081515,0.0,1.0
2007-06-08,124.49,125.83,122.29,125.825,44345800,3.73711694167338,3.77734295743242,3.67107422923318,3.77719286035869,1241683641,0.0,1.0
2007-06-11,120.19,126.15,119.54,126.0,66937800,3.60803345826752,3.786949170151,3.58852083868292,3.78244625793916,1874260274,0.0,1.0
2007-06-12,120.38,121.71,118.31,119.35,50948800,3.61373714706918,3.65366296868076,3.55159695854589,3.58281714988126,1426567826,0.0,1.0
2007-06-13,117.5,121.19,115.4,121.15,61476900,3.527281232602,3.63805287301307,3.46424046163634,3.63685209642325,1721354921,0.0,1.0
2007-06-14,118.75,119.45,116.42,117.2,34759500,3.56480550103393,3.58581909135582,3.4948602646768,3.51827540817833,973266973,0.0,1.0
2007-06-15,120.5,120.67,119.86,120.62,28972100,3.61733947683864,3.62244277734539,3.59812705140149,3.62094180660811,811219611,0.0,1.0
2007-06-18,125.09,125.18,122.54,123.28,32521600,3.75512859052071,3.75783033784781,3.67857908291956,3.70079344983127,910605710,0.0,1.0
2007-06-19,123.66,125.01,122.91,124.69,33679500,3.71220082743458,3.75272703734107,3.68968626637542,3.74312082462249,943026943,0.0,1.0
2007-06-20,121.55,124.66,121.5,123.87,32054000,3.64885986232147,3.74222024218013,3.64735889158419,3.71850490453114,897512897,0.0,1.0
2007-06-21,123.9,124.29,120.72,121.7,30965900,3.71940548697351,3.73111305872427,3.62394374808266,3.6533627745333,867046067,0.0,1.0
2007-06-22,123.0,124.45,122.38,123.85,22567000,3.69238801370252,3.73591616508356,3.67377597656028,3.71790451623623,631876631,0.0,1.0
2007-06-25,122.34,125.09,121.06,124.19,34478700,3.67257519997045,3.75512859052071,3.63415034909615,3.72811111724972,965404565,0.0,1.0
2007-06-26,119.65,124.0,118.72,123.98,48035900,3.59182297430493,3.72240742844807,3.56390491859157,3.72180704015315,1345006545,0.0,1.0
2007-06-27,121.89,122.04,119.26,120.61,34810600,3.65906646333496,3.66356937554679,3.58011540255416,3.62064161246065,974697774,0.0,1.0
2007-06-28,120.56,122.49,120.0,122.36,29933700,3.61914064172338,3.67707811218229,3.60232976946587,3.67317558826536,838144438,0.0,1.0
2007-06-29,122.04,124.0,121.09,121.97,40637200,3.66356937554679,3.72240742844807,3.63505093153852,3.6614680165146,1137842737,0.0,1.0
2007-07-02,121.26,122.09,119.3,121.05,35530800,3.64015423204526,3.66507034628407,3.58131617914399,3.6338501549487,994863394,0.0,1.0
2007-07-03,127.17,127.4,121.5,122.0,41517200,3.81756897319146,3.82447343858293,3.64735889158419,3.66236859895697,1162482762,0.0,1.0
2007-07-05,132.75,132.97,128.69,128.8,51894700,3.98507730747162,3.99168157871564,3.86319848360469,3.8665006192267,1453053053,0.0,1.0
2007-07-06,132.3,133.34,130.4,133.13,31239100,3.97156857083612,4.00278876217149,3.91453168281958,3.99648468507493,874695674,0.0,1.0
2007-07-09,130.3301,132.9,129.18,132.38,35565000,3.91243332572886,3.98958021968345,3.87790799683001,3.97397012401576,995820995,0.0,1.0
2007-07-10,132.35,134.5,128.81,128.88,44821700,3.9730695415734,4.03761128327633,3.86680081337416,3.86890217240634,1255008855,0.0,1.0
2007-07-11,132.39,133.7,131.31,132.07,29349000,3.97427031816322,4.01359575147989,3.94184935023803,3.96466410544464,821772821,0.0,1.0
2007-07-12,134.0699,134.24,132.39,133.85,25164600,4.02469993299427,4.02980623544249,3.97427031816322,4.01809866369172,704609504,0.0,1.0
2007-07-13,137.73,137.85,134.52,135.03,32414500,4.13457399290445,4.13817632267392,4.03821167157124,4.05352157309147,907606907,0.0,1.0
2007-07-16,138.1,139.98,137.5,138.39,33432600,4.1456811763603,4.20211767608194,4.12766952751298,4.15438680663651,936113736,0.0,1.0
2007-07-17,138.9099,139.6,137.5,138.3,25355700,4.16999390036272,4.19071029847863,4.12766952751298,4.15168505930941,709960309,0.0,1.0
2007-07-18,138.12,138.44,136.04,138.19,27030600,4.14628156465522,4.15588777737379,4.08384118198447,4.1483829236874,756857556,0.0,1.0
2007-07-19,140.0,140.81,139.65,140.3,26174700,4.20271806437685,4.22703379032074,4.19221126921591,4.21172388880051,732892332,0.0,1.0
2007-07-20,143.75,144.18,140.0,141.65,41706200,4.31529086967266,4.32819921801324,4.20271806437685,4.252250098707,1167774767,0.0,1.0
2007-07-23,143.7,145.22,140.93,143.31,37017500,4.31378989893538,4.35941940934861,4.23063612009021,4.30208232718461,1036491036,0.0,1.0
2007-07-24,134.8899,141.0,134.15,138.88,64117600,4.04931585308562,4.2327374791224,4.02710448811539,4.16909631986183,1795294595,0.0,1.0
2007-07-25,137.26,138.36,135.0,137.35,53435100,4.12046486797404,4.15348622419415,4.0526209906491,4.12316661530114,1496184296,0.0,1.0
2007-07-26,146.0,148.5,136.96,145.87,78093900,4.38283455285014,4.45788308971401,4.11145904355038,4.37893202893322,2186631386,0.0,1.0
2007-07-27,143.85,148.92,143.78,146.19,41467800,4.31829281114721,4.47049124390714,4.31619145211502,4.3885382416518,1161099561,0.0,1.0
2007-07-30,141.43,145.45,139.57,144.33,39535300,4.24564582746298,4.36632387474009,4.18980971603626,4.33270213022507,1106989506,0.0,1.0
2007-07-31,131.76,143.48,131.52,142.97,62942600,3.95535808687352,4.30718562769136,3.94815342733459,4.29187572617113,1762394562,0.0,1.0
2007-08-01,135.0,135.38,127.77,133.64,62505600,4.0526209906491,4.06402836825241,3.83558062203878,4.01179458659516,1750158550,0.0,1.0
2007-08-02,136.49,136.96,134.15,136.65,30451600,4.09734991861997,4.11145904355038,4.02710448811539,4.10215302497926,852645652,0.0,1.0
2007-08-03,131.8499,135.95,131.5,135.26,24256700,3.95805683225915,4.08113943465737,3.94755303903968,4.06042603848295,679188279,0.0,1.0
2007-08-06,135.25,135.27,128.3,132.9,33041800,4.06012584433549,4.0607262326304,3.85149091185393,3.98958021968345,925171325,0.0,1.0
2007-08-07,135.0301,137.24,132.63,134.94,33926300,4.05352457503294,4.11986447967913,3.98147497770215,4.05081982576437,949937349,0.0,1.0
2007-08-08,134.01,136.86,132.0,136.76,28860600,4.02290177005101,4.10845710207582,3.96256274641246,4.10545516060127,808097608,0.0,1.0
2007-08-09,126.39,133.0,125.09,131.11,40192700,3.79415382968993,3.99258216115801,3.75512859052071,3.93584546728892,1125396725,0.0,1.0
2007-08-10,125.0,127.75,120.3,123.12,50383900,3.75242684319361,3.83498023374387,3.61133559388953,3.69599034347198,1410750610,0.0,1.0
2007-08-13,127.79,129.35,126.5,128.33,26889700,3.8361810103337,3.88301129733675,3.79745596531194,3.85239149429629,752912352,0.0,1.0
2007-08-14,124.03,128.3,123.71,128.29,26393100,3.72330801089043,3.85149091185393,3.71370179817186,3.85119071770647,739007539,0.0,1.0
2007-08-15,119.9,124.86,119.65,122.74,35459000,3.59932782799131,3.74822412512924,3.59182297430493,3.68458296586867,992852992,0.0,1.0
2007-08-16,117.05,118.5,111.62,117.01,66667500,3.5137724959665,3.55730064734755,3.35076707389817,3.51257171937668,1866691866,0.0,1.0
2007-08-17,122.06,123.5,119.82,122.01,42680800,3.6641697638417,3.70739772107529,3.59692627481167,3.66266879310442,1195063595,0.0,1.0
2007-08-20,122.22,124.5,120.5,123.96,28689900,3.66897287020099,3.73741713582084,3.61733947683864,3.72120665185824,803318003,0.0,1.0
2007-08-21,127.57,128.96,121.0,122.21,46537400,3.82957673908967,3.87130372558599,3.63234918421142,3.66867267605353,1303048503,0.0,1.0
2007-08-22,132.51,132.75,130.33,131.22,37920200,3.97787264793269,3.98507730747162,3.91243032378739,3.93914760291093,1061766661,0.0,1.0
2007-08-23,131.07,133.34,129.76,133.09,30958500,3.9346446906991,4.00278876217149,3.89531925738243,3.99528390848511,866838866,0.0,1.0
2007-08-24,135.3,135.37,129.81,130.53,32565500,4.06162681507277,4.06372817410496,3.8968202281197,3.9184342067365,911834911,0.0,1.0
2007-08-27,132.25,134.66,132.1,133.3907,25265700,3.97006760009884,4.04241438963562,3.96556468788701,4.00431074649909,707440307,0.0,1.0
2007-08-28,126.82,132.41,126.63,130.99,42120200,3.80706217803051,3.97487070645813,3.80135848922886,3.93224313751945,1179366779,0.0,1.0
2007-08-29,134.08,134.18,129.54,129.88,41673600,4.0250031290832,4.02800507055775,3.88871498613841,3.89892158715189,1166861966,0.0,1.0
2007-08-30,136.25,138.25,132.3,132.67,51270800,4.09014525908104,4.15018408857214,3.97156857083612,3.98267575429197,1435583835,0.0,1.0
2007-08-31,138.48,139.65,137.41,139.49,31317400,4.15708855396361,4.19221126921591,4.12496778018588,4.18740816285662,876888076,0.0,1.0
2007-09-04,144.16,145.73,139.84,139.94,47030100,4.32759882971833,4.37472931086884,4.19791495801756,4.20091689949211,1316844116,0.0,1.0
2007-09-05,136.76,145.84,136.1,144.97,83150800,4.10545516060127,4.37803144649085,4.08564234686921,4.35191455566223,2328224728,0.0,1.0
2007-09-06,135.01,137.57,132.71,135.57,67902200,4.05292118479656,4.12977088654516,3.9838765308818,4.06973205705407,1901263501,0.0,1.0
2007-09-07,131.77,132.3,130.0,132.01,51092000,3.95565828102098,3.97156857083612,3.90252391692136,3.96286294055991,1430577430,0.0,1.0
2007-09-10,136.71,138.04,133.95,137.0,53137100,4.10395418986399,4.14388001147557,4.02110060516628,4.1126598201402,1487840287,0.0,1.0
2007-09-11,135.49,138.3,133.75,137.9,34710200,4.06733050387442,4.15168505930941,4.01509672221717,4.1396772934112,971886571,0.0,1.0
2007-09-12,136.85,139.4,135.75,135.99,36527500,4.10815690792837,4.18470641552952,4.07513555170827,4.0823402112472,1022771022,0.0,1.0
2007-09-13,137.2,139.0,136.65,138.83,23434400,4.11866370308931,4.1726986496313,4.10215302497926,4.16759534912456,656163856,0.0,1.0
2007-09-14,138.81,138.98,136.2,136.57,21690000,4.16699496082965,4.17209826133639,4.08864428834376,4.09975147179961,607320607,0.0,1.0
2007-09-17,138.41,140.59,137.6,138.99,28334700,4.15498719493142,4.22042951907672,4.13067146898753,4.17239845548384,793372393,0.0,1.0
2007-09-18,140.92,142.85,137.83,139.05,38003200,4.23033592594275,4.28827339640166,4.13757593437901,4.17419962036858,1064090664,0.0,1.0
2007-09-19,140.7699,143.16,139.4,143.02,36674300,4.22583001178945,4.29757941497278,4.18470641552952,4.29337669690841,1026881426,0.0,1.0
2007-09-20,140.31,141.79,139.32,140.15,24708600,4.21202408294797,4.25645281677138,4.18230486234987,4.20722097658868,691841491,0.0,1.0
2007-09-21,144.15,144.65,140.31,141.14,40674300,4.32729863557088,4.34230834294365,4.21202408294797,4.23694019718677,1138881538,0.0,1.0
2007-09-24,148.28,149.85,146.65,146.73,37577200,4.45127881846999,4.4984092996205,4.40234717243475,4.40474872561439,1052162652,0.0,1.0
2007-09-25,153.18,153.22,146.82,146.84,42591100,4.59837395072318,4.599574727313,4.40745047294149,4.4080508612364,1192551992,0.0,1.0
2007-09-26,152.77,155.0,151.25,154.47,34831000,4.58606599067751,4.65300928556008,4.54043648026427,4.63709899574494,975268975,0.0,1.0
2007-09-27,154.5,154.52,152.32,153.77,23507100,4.63799957818731,4.63859996648222,4.57255725404201,4.61608540542306,658199458,0.0,1.0
2007-09-28,153.47,154.6,152.75,153.44,21967900,4.60707958099939,4.64100151966186,4.5854656023826,4.60617899855703,615101815,0.0,1.0
2007-10-01,156.339,157.41,152.93,154.63,29895300,4.69320528190437,4.72535607509685,4.5908690970368,4.64190210210423,837069237,0.0,1.0
2007-10-02,158.45,158.59,155.89,156.55,28288200,4.75657626643222,4.7607789844966,4.67972656468362,4.69953937841568,792070392,0.0,1.0
2007-10-03,157.9201,159.18,157.01,157.78,24732800,4.74066897855856,4.77849043919648,4.71334830919863,4.73646325855271,692519092,0.0,1.0
2007-10-04,156.24,158.08,153.5,158.0,23462800,4.69023335984456,4.74546908297637,4.60798016344176,4.74306752979673,656959056,0.0,1.0
2007-10-05,161.4499,161.58,157.7,158.36,33695400,4.8466315087274,4.85053703458579,4.73406170537306,4.75387451910513,943472143,0.0,1.0
2007-10-08,167.91,167.91,162.97,163.49,29854600,5.04055992992512,5.04055992992512,4.89226402108211,4.90787411674979,835929635,0.0,1.0
2007-10-09,167.86,171.11,166.68,170.2,39438800,5.03905895918784,5.13662205711088,5.00363604978809,5.10930438969242,1104287504,0.0,1.0
2007-10-10,166.79,167.88,165.6,167.55,23842500,5.0069381854101,5.03965934748275,4.9712150818629,5.02975294061672,667590667,0.0,1.0
2007-10-11,162.23,171.88,153.21,169.49,58714000,4.8700496541704,5.15973700646495,4.59927453316555,5.08799060522309,1643993643,0.0,1.0
2007-10-12,167.2537,167.28,161.8,163.01,35292000,5.02085818802761,5.02164769863542,4.85714130582981,4.89346479767193,988176988,0.0,1.0
2007-10-15,166.98,169.57,163.5,167.98,38497500,5.01264187421176,5.09039215840273,4.90817431089725,5.04266128895731,1077931077,0.0,1.0
2007-10-16,169.58,170.18,165.15,165.54,38136800,5.09069235255019,5.10870400139751,4.9577063452274,4.96941391697817,1067831467,0.0,1.0
2007-10-17,172.75,173.04,169.18,172.69,40271900,5.18585389729357,5.19455952756978,5.07868458665197,5.18405273240884,1127614327,0.0,1.0
2007-10-18,173.5,174.19,171.05,171.5,29417000,5.20836845835274,5.22908185452717,5.13482089222614,5.14832962886164,823676823,0.0,1.0
2007-10-19,170.42,174.63,170.0,174.24,46135000,5.11590866093645,5.24229039701521,5.10330050674331,5.23058282526444,1291781291,0.0,1.0
2007-10-22,174.36,174.9,169.9601,170.35,58910700,5.23418515503391,5.2503956389965,5.10210273209497,5.11380730190426,1649501249,0.0,1.0
2007-10-23,186.16,188.6,182.76,188.56,64113000,5.58841424903139,5.66166162101052,5.48634823889652,5.6604608444207,1795165795,0.0,1.0
2007-10-24,185.93,187.21,179.24,185.81,46017200,5.58150978363991,5.61993463451421,5.38067989899219,5.57790745387044,1288482888,0.0,1.0
2007-10-25,182.78,185.9,181.66,184.87,34771500,5.48694862719143,5.58060920119754,5.45332688267642,5.54968920400963,973602973,0.0,1.0
2007-10-26,184.7,185.37,182.88,185.29,25245600,5.54458590350288,5.5646989113824,5.48995056866598,5.56229735820276,706877506,0.0,1.0
2007-10-29,185.09,186.59,184.7,185.7,19305500,5.55629347525365,5.60132259737197,5.54458590350288,5.57460531824843,540554540,0.0,1.0
2007-10-30,187.0,189.37,184.73,186.18,33550500,5.61363055741765,5.6847765703646,5.54548648594525,5.5890146373263,939414939,0.0,1.0
2007-10-31,189.95,190.12,184.95,187.63,29761100,5.70218783091702,5.70729113142376,5.55209075718927,5.63254278870734,833311633,0.0,1.0
2007-11-01,187.44,190.1,180.0,188.6,28751300,5.62683909990569,5.70669074312885,5.4034946541988,5.66166162101052,805037205,0.0,1.0
2007-11-02,187.87,189.44,183.49,189.21,35789800,5.63974744824627,5.68687792939679,5.50826241166077,5.67997346400531,1002115402,0.0,1.0
2007-11-05,186.18,188.96,184.24,185.29,28720600,5.5890146373263,5.67246861031892,5.53077697271993,5.56229735820276,804177604,0.0,1.0
2007-11-06,191.79,192.0,185.27,187.05,34097400,5.75742355404883,5.76372763114539,5.56169696990785,5.61513152815492,954728154,0.0,1.0
2007-11-07,186.2999,192.68,186.13,190.61,35511700,5.59261396515429,5.78414083317236,5.58751366658902,5.72200064464908,994328594,0.0,1.0
2007-11-08,175.4663,186.9,167.77,186.67,67513500,5.26739563356691,5.61062861594309,5.03635721186074,5.60372415055162,1890379890,0.0,1.0
2007-11-09,165.37,175.12,165.21,171.15,54513600,4.96431061647142,5.25699991024053,4.95950751011214,5.1378228337007,1526382326,0.0,1.0
2007-11-12,153.76,167.7,150.63,165.28,63180900,4.6157852112756,5.03425585282855,4.52182444312203,4.96160886914432,1769066969,0.0,1.0
2007-11-13,169.96,170.98,153.76,160.85,62123100,5.10209973015349,5.13271953319395,4.6157852112756,4.82862286182154,1739448539,0.0,1.0
2007-11-14,166.11,177.57,163.74,177.16,51756000,4.98652498338313,5.33054747636712,4.91537897043618,5.31823951632145,1449169449,0.0,1.0
2007-11-15,164.3,169.59,160.3,166.39,53121800,4.93218984269369,5.09099254669764,4.81211218371149,4.99493041951188,1487411887,0.0,1.0
2007-11-16,166.39,167.02,159.33,165.3,49410500,4.99493041951188,5.01384265080158,4.78299335140831,4.96220925743924,1383495383,0.0,1.0
2007-11-19,163.95,168.2,162.1,166.1,41229600,4.92168304753274,5.04926556020133,4.86614713025348,4.98622478923567,1154429954,0.0,1.0
2007-11-20,168.85,171.79,163.53,165.67,55130100,5.06877817978593,5.15703525913785,4.90907489333961,4.97331644089509,1543644343,0.0,1.0
2007-11-21,168.46,172.35,164.67,165.84,43493200,5.05707060803517,5.17384613139536,4.94329702614954,4.97841974140183,1217810817,0.0,1.0
2007-11-23,171.54,172.05,169.75,172.0,16634200,5.14953040545146,5.16484030697169,5.09579565305693,5.16333933623441,465758065,0.0,1.0
2007-11-26,172.5419,177.2699,172.35,173.59,46634100,5.17960685708503,5.32153865000198,5.17384613139536,5.21107020567984,1305756105,0.0,1.0
2007-11-27,174.81,175.79,170.01,175.22,47036800,5.24769389166941,5.27711291812004,5.10360070089077,5.26000185171508,1317031717,0.0,1.0
2007-11-28,180.22,180.6,175.35,176.82,41104000,5.41009892544283,5.42150630304613,5.263904375632,5.30803291530796,1150913150,0.0,1.0
2007-11-29,184.29,185.17,179.15,179.43,37533100,5.53227794345721,5.55869502843329,5.37797815166509,5.38638358779384,1050927850,0.0,1.0
2007-11-30,182.22,187.7,179.7,187.34,42421500,5.47013775493392,5.63464414773953,5.39448882977514,5.62383715843113,1187803187,0.0,1.0
2007-12-03,178.86,184.14,177.7,181.86,34338200,5.36927252138888,5.52777503124538,5.33445000028404,5.45933076562553,961470561,0.0,1.0
2007-12-04,179.81,180.9,176.99,177.15,27635700,5.39779096539715,5.4305121274698,5.3131362158147,5.31793932217399,773800373,0.0,1.0
2007-12-05,185.5,186.0,182.41,182.89,31871500,5.56860143529932,5.5836111426721,5.47584144373558,5.49025076281344,892402892,0.0,1.0
2007-12-06,189.9528,190.1,186.12,186.19,32136100,5.7022718852783,5.70669074312885,5.58721347244156,5.58931483147375,899811699,0.0,1.0
2007-12-07,194.3,194.99,188.04,190.54,38073800,5.83277228506015,5.85348568123458,5.64485074875302,5.71989928561689,1066067466,0.0,1.0
2007-12-10,194.21,195.66,192.69,193.59,25799200,5.83007053773305,5.8735986891141,5.78444102731982,5.81145850059081,722378322,0.0,1.0
2007-12-11,188.5404,196.83,187.39,194.75,39675900,5.65987246389169,5.90872140436639,5.62533812916841,5.84628102169565,1110926310,0.0,1.0
2007-12-12,190.86,194.48,185.76,193.44,43773600,5.72950549833547,5.83817577971435,5.57640648313317,5.80695558837898,1225662025,0.0,1.0
2007-12-13,191.83,192.12,187.82,190.19,30879200,5.75862433063865,5.76732996091486,5.638246477509,5.70939249045595,864618464,0.0,1.0
2007-12-14,190.39,200.0,189.54,190.37,24082600,5.71539637340506,6.00388294910978,5.68987987087134,5.71479598511015,674313474,0.0,1.0
2007-12-17,184.4,192.65,182.98,190.72,36596200,5.53558007907922,5.78324025073,5.49295251014054,5.72530278027109,1024694624,0.0,1.0
2007-12-18,182.98,187.33,178.6,186.52,43664400,5.49295251014054,5.62353696428368,5.36146747355504,5.59922123833978,1222604422,0.0,1.0
2007-12-19,183.12,184.6394,180.9,182.98,29552800,5.49715522820492,5.5427667269693,5.4305121274698,5.49295251014054,827479227,0.0,1.0
2007-12-20,187.21,187.83,183.33,185.43,27644900,5.61993463451421,5.63854667165645,5.50345930530148,5.56650007626714,774057974,0.0,1.0
2007-12-21,193.91,193.9125,189.89,190.12,35498600,5.82106471330939,5.82113976184625,5.70038666603228,5.70729113142376,993961793,0.0,1.0
2007-12-24,198.8,199.33,194.79,195.03,17150100,5.96785965141512,5.98376994123026,5.84748179828547,5.8546864578244,480203280,0.0,1.0
2007-12-26,198.95,200.96,196.82,199.01,25133300,5.97236256362696,6.03270158726551,5.90842121021894,5.97416372851169,703733103,0.0,1.0
2007-12-27,198.57,202.96,197.8,198.95,28411700,5.96095518602365,6.09274041675661,5.93784023666958,5.97236256362696,795528395,0.0,1.0
2007-12-28,199.83,201.56,196.8801,200.59,24987400,5.99877964860304,6.05071323611284,5.91022537704514,6.02159440380966,699647899,0.0,1.0
2007-12-31,198.08,200.5,197.75,199.5,19261900,5.94624567279833,6.01889265648256,5.9363392659323,5.98887324173701,539333739,0.0,1.0
2008-01-02,194.84,200.26,192.55,199.27,38542100,5.84898276902275,6.01168799694362,5.78023830925544,5.98196877634553,1079179879,0.0,1.0
2008-01-03,194.93,197.39,192.69,195.41,30073800,5.85168451634985,5.9255322766239,5.78444102731982,5.86609383542771,842067242,0.0,1.0
2008-01-04,180.05,193.0,178.89,191.45,51994000,5.40499562493608,5.79374704589094,5.37017310383124,5.74721695303534,1455833455,0.0,1.0
2008-01-07,177.64,183.6,170.23,181.25,74006900,5.33264883539931,5.51156454728278,5.11020497213479,5.44101892263074,2072195272,0.0,1.0
2008-01-08,171.25,182.46,170.8,180.14,54422000,5.14082477517525,5.47734241447285,5.12731603853975,5.40769737226318,1523817523,0.0,1.0
2008-01-09,179.4,179.5,168.3,171.3,64781500,5.38548300535148,5.38848494682603,5.05226750167588,5.14232574591253,1813883813,0.0,1.0
2008-01-10,178.02,181.0,175.41,177.58,52963400,5.34405621300262,5.43351406894435,5.26570554051674,5.33084767051458,1482976682,0.0,1.0
2008-01-11,172.69,177.85,170.0,176.0,44010200,5.18405273240884,5.33895291249587,5.10330050674331,5.28341699521661,1232286832,0.0,1.0
2008-01-14,178.78,179.42,175.17,177.52,39301800,5.36687096820924,5.38608339364639,5.2585008809778,5.32904650562984,1100451500,0.0,1.0
2008-01-15,169.04,179.22,164.66,177.72,83688500,5.07448186858759,5.38007951069728,4.94299683200208,5.33505038857895,2343280343,0.0,1.0
2008-01-16,159.64,169.01,156.7,165.23,79065900,4.79229936997943,5.07358128614522,4.70404229062751,4.96010789840705,2213847413,0.0,1.0
2008-01-17,160.89,165.36,158.42,161.51,62780700,4.82982363841136,4.96401042232397,4.75567568398986,4.8484356755536,1757861357,0.0,1.0
2008-01-18,161.36,165.75,159.61,161.71,61583700,4.84393276334177,4.97571799407473,4.79139878753706,4.85443955850271,1724345324,0.0,1.0
2008-01-22,155.64,159.98,146.0,148.06,86955500,4.67222171099723,4.80250597099291,4.38283455285014,4.44467454722597,2434756434,0.0,1.0
2008-01-23,139.072,140.0,126.14,136.19,120463200,4.17486004749298,4.20271806437685,3.78664897600354,4.08834409419631,3372972972,0.0,1.0
2008-01-24,135.6,140.7,132.01,139.99,71638100,4.07063263949643,4.22373165469873,3.96286294055991,4.20241787022939,2005868805,0.0,1.0
2008-01-25,130.01,139.09,129.61,138.99,55526400,3.90282411106881,4.1754003969584,3.89081634517059,4.17239845548384,1554740754,0.0,1.0
2008-01-28,130.01,133.2,126.45,128.16,52673000,3.90282411106881,3.99858604410711,3.79595499457466,3.84728819378955,1474845474,0.0,1.0
2008-01-29,131.54,132.79,129.05,131.15,39285100,3.9487538156295,3.98627808406144,3.87400547291309,3.93704624387874,1099983899,0.0,1.0
2008-01-30,132.18,135.45,130.0,131.37,44394700,3.96796624106666,4.0661297272846,3.90252391692136,3.94365051512276,1243052843,0.0,1.0
2008-01-31,135.36,136.65,129.4,129.45,48059800,4.0634279799575,4.10215302497926,3.88451226807403,3.88601323881131,1345675745,0.0,1.0
2008-02-01,133.75,136.59,132.18,136.24,36098000,4.01509672221717,4.10035186009453,3.96796624106666,4.08984506493358,1010745010,0.0,1.0
2008-02-04,131.65,135.9,131.42,134.21,32115500,3.95205595125151,4.0796384639201,3.94515148586004,4.02890565300012,899234899,0.0,1.0
2008-02-05,129.36,134.0,128.9,130.43,40751500,3.88331149148421,4.02260157590355,3.86950256070125,3.91543226526194,1141043141,0.0,1.0
2008-02-06,122.0,131.92,121.77,130.83,56188300,3.66236859895697,3.96016119323281,3.65546413356549,3.92744003116016,1573273973,0.0,1.0
2008-02-07,121.24,124.78,117.27,119.97,74404700,3.63955384375035,3.74582257194959,3.52037676721052,3.6014291870235,2083333683,0.0,1.0
2008-02-08,125.48,125.7,121.6,122.08,48427600,3.76683616227148,3.7734404335155,3.65036083305875,3.66477015213661,1355974155,0.0,1.0
2008-02-11,129.45,129.98,127.2,128.01,42908300,3.88601323881131,3.90192352862645,3.81846955563382,3.84278528157772,1201433601,0.0,1.0
2008-02-12,124.86,131.0,123.62,130.7,43785000,3.74822412512924,3.93254333166691,3.71100005084476,3.92353750724324,1225981225,0.0,1.0
2008-02-13,129.4,129.78,125.63,126.68,34590500,3.88451226807403,3.89591964567734,3.77133907448331,3.80285945996614,968534968,0.0,1.0
2008-02-14,127.46,130.8,127.01,129.4,34074900,3.82627460346766,3.9265394487178,3.81276586683217,3.88451226807403,954098154,0.0,1.0
2008-02-15,124.63,127.08,124.06,126.27,32189300,3.74131965973776,3.81486722586436,3.7242085933328,3.79055149992046,901301301,0.0,1.0
2008-02-19,122.18,126.75,121.44,125.99,35894500,3.66777209361117,3.80496081899832,3.64555772669946,3.78214606379171,1005047005,0.0,1.0
2008-02-20,123.82,124.6,121.68,122.2,34551400,3.71700393379387,3.74041907729539,3.65276238623839,3.66837248190608,967440167,0.0,1.0
2008-02-21,121.54,126.47,120.86,126.05,33504100,3.64855966817401,3.79655538286957,3.62814646614704,3.78394722867644,938115738,0.0,1.0
2008-02-22,119.46,122.51,115.87,122.48,54638500,3.58611928550327,3.6776785004772,3.47834958656675,3.67677791803483,1529879529,0.0,1.0
2008-02-25,119.74,120.17,116.664,118.59,44884800,3.59452472163203,3.60743306997261,3.50218500187472,3.56000239467465,1256775656,0.0,1.0
2008-02-26,119.15,121.09,115.44,117.64,53746000,3.57681326693215,3.63505093153852,3.46544123822617,3.53148395066637,1504889504,0.0,1.0
2008-02-27,122.96,123.05,118.09,118.23,52683500,3.69118723711269,3.69388898443979,3.54499268730187,3.54919540536625,1475139475,0.0,1.0
2008-02-28,129.91,132.2,125.77,127.2,57794800,3.89982216959426,3.96856662936157,3.77554179254769,3.81846955563382,1618256018,0.0,1.0
2008-02-29,125.02,130.21,124.8,129.75,44838600,3.75302723148853,3.90882799401792,3.7464229602445,3.89501906323497,1255482055,0.0,1.0
2008-03-03,121.73,125.98,118.0,124.44,56894400,3.65426335697567,3.78184586964425,3.54229093997477,3.73561597093611,1593044793,0.0,1.0
2008-03-04,124.62,124.88,120.4,121.99,63763700,3.74101946559031,3.74882451342415,3.61433753536409,3.66206840480951,1785385385,0.0,1.0
2008-03-05,124.4899,125.14,122.25,123.58,43637000,3.73711393973191,3.75662956125799,3.66987345264335,3.70979927425493,1221837221,0.0,1.0
2008-03-06,120.93,127.5,120.81,124.4899,52632100,3.63024782517923,3.82747538005749,3.62664549540976,3.73711393973191,1473700273,0.0,1.0
2008-03-07,122.25,122.9799,119.05,120.41,43945100,3.66987345264335,3.69178462346613,3.5738113254576,3.61463772951154,1230464030,0.0,1.0
2008-03-10,119.69,123.46,119.37,121.98,35699600,3.59302375089475,3.70619694448547,3.58341753817617,3.66176821066206,999589799,0.0,1.0
2008-03-11,127.3501,127.48,122.0,124.1,41569400,3.82297546978713,3.82687499176258,3.66236859895697,3.72540936992262,1163944363,0.0,1.0
2008-03-12,126.03,128.68,125.17,127.04,37843900,3.78334684038153,3.86289828945723,3.75753014370036,3.81366644927453,1059630259,0.0,1.0
2008-03-13,127.94,129.5,123.0,124.1,45075100,3.84068392254553,3.88751420954858,3.69238801370252,3.72540936992262,1262104062,0.0,1.0
2008-03-14,126.61,130.3,124.2,129.88,41308600,3.80075810093395,3.91152974134502,3.72841131139718,3.89892158715189,1156641956,0.0,1.0
2008-03-17,126.73,128.59,122.55,122.55,38307100,3.80436043070341,3.86019654213013,3.67887927706702,3.67887927706702,1072599872,0.0,1.0
2008-03-18,132.82,133.0015,128.67,129.18,43040000,3.98717866650381,3.99262719028012,3.86259809530978,3.87790799683001,1205121205,0.0,1.0
2008-03-19,129.67,134.29,129.67,133.12,36090600,3.89261751005533,4.03130720617976,3.89261751005533,3.99618449092747,1010537810,0.0,1.0
2008-03-20,133.27,133.2915,129.18,131.12,32456700,4.0006874031393,4.00133282055633,3.87790799683001,3.93614566143637,908788508,0.0,1.0
2008-03-24,139.53,140.85,133.64,134.01,38104300,4.18860893944644,4.22823456691056,4.01179458659516,4.02290177005101,1066921466,0.0,1.0
2008-03-25,140.98,143.1,137.33,139.96,37585400,4.23213709082749,4.29577825008805,4.12256622700623,4.20151728778703,1052392252,0.0,1.0
2008-03-26,145.06,145.74,140.64,140.87,42217300,4.35461630298933,4.3750295050163,4.221930489814,4.22883495520548,1182085582,0.0,1.0
2008-03-27,140.25,145.31,139.99,144.95,35708200,4.21022291806324,4.36212115667571,4.20241787022939,4.35131416736731,999830599,0.0,1.0
2008-03-28,143.01,144.65,141.6,141.8,25521800,4.29307650276095,4.34230834294365,4.25074912796973,4.25675301091884,714611114,0.0,1.0
2008-03-31,143.5,145.71,142.52,143.27,27430900,4.30778601598627,4.37412892257393,4.27836698953563,4.30088155059479,768065968,0.0,1.0
2008-04-01,149.5301,149.66,143.61,146.3,36877400,4.4888060888434,4.49270561081885,4.31108815160828,4.39184037727381,1032568232,0.0,1.0
2008-04-02,147.49,151.2,145.85,148.78,37320300,4.42756348082101,4.538935509527,4.37833164063831,4.46628852584277,1044969444,0.0,1.0
2008-04-03,151.61,153.63,147.0,147.06,37556000,4.55124346957267,4.61188268735868,4.41285396759569,4.41465513248042,1051569051,0.0,1.0
2008-04-04,153.08,154.715,150.75,152.19,30514900,4.59537200924863,4.6444537523576,4.5254267728915,4.56865473012509,854418054,0.0,1.0
2008-04-07,155.89,159.69,155.11,156.13,41368800,4.67972656468362,4.79380034071671,4.65631142118209,4.68693122422255,1158327558,0.0,1.0
2008-04-08,152.84,156.45,152.32,153.55,36224800,4.5881673497097,4.69653743694113,4.57255725404201,4.60948113417904,1014295414,0.0,1.0
2008-04-09,151.44,153.89,150.46,153.31,31192800,4.54614016906593,4.61968773519252,4.51672114261529,4.6022764746401,873399273,0.0,1.0
2008-04-10,154.55,155.42,150.6,151.13,34134400,4.63950054892458,4.66561743975321,4.52092386067967,4.53683415049481,955764155,0.0,1.0
2008-04-11,147.14,153.3,146.4,152.72,43217000,4.41705668566007,4.60197628049265,4.39484231874836,4.58456501994023,1210077210,0.0,1.0
2008-04-14,147.78,149.25,144.54,146.77,30181700,4.43626911109722,4.48039765077317,4.33900620732164,4.40594950220421,845088445,0.0,1.0
2008-04-15,148.38,149.72,145.72,149.4,24929900,4.45428075994455,4.49450677570358,4.37442911672139,4.48490056298501,698037898,0.0,1.0
2008-04-16,153.7,154.1,150.62,151.76,28420500,4.61398404639087,4.62599181228909,4.52152424897458,4.5557463817845,795774795,0.0,1.0
2008-04-17,154.49,156.0,153.35,154.18,25152400,4.63769938403985,4.68302870030563,4.60347725122993,4.62839336546873,704267904,0.0,1.0
2008-04-18,161.04,162.26,158.38,159.04,36670200,4.8343265506232,4.87095023661277,4.75447490740004,4.7742877211321,1026766626,0.0,1.0
2008-04-21,168.16,168.5,161.76,162.35,37112600,5.0480647836115,5.05827138462499,4.85594052923999,4.87365198393987,1039153839,0.0,1.0
2008-04-22,160.2,168.0,158.09,167.41,51413300,4.80911024223694,5.04326167725222,4.74576927712383,5.02555022255234,1439573839,0.0,1.0
2008-04-23,162.89,164.84,161.08,164.05,53721100,4.88986246790246,4.94840032665628,4.83552732721302,4.9246849890073,1504192304,0.0,1.0
2008-04-24,168.94,169.98,159.194,165.31,60573800,5.07147992711303,5.1027001184484,4.77891071100291,4.96250945158669,1696068096,0.0,1.0
2008-04-25,169.73,171.1,166.42,170.6,35445500,5.09519526476202,5.13632186296342,4.99583100195425,5.12131215559064,992474992,0.0,1.0
2008-04-28,172.24,173.75,169.13,169.74,28114800,5.17054399577335,5.21587331203912,5.07718361591469,5.09549545890947,787215187,0.0,1.0
2008-04-29,175.05,175.66,170.25,171.11,32981300,5.25489855120834,5.27321039420312,5.1108053604297,5.13662205711088,923477323,0.0,1.0
2008-04-30,173.95,180.0,172.92,176.26,40697300,5.22187719498823,5.4034946541988,5.19095719780032,5.29122204305045,1139525539,0.0,1.0
2008-05-01,180.0,180.0,174.86,175.01,32270600,5.4034946541988,5.4034946541988,5.24919486240668,5.25369777461851,903577703,0.0,1.0
2008-05-02,180.94,181.92,178.55,180.31,35931500,5.43171290405962,5.46113193051026,5.35996650281776,5.41280067276992,1006083006,0.0,1.0
2008-05-05,184.73,185.31,181.05,181.81,30519900,5.54548648594525,5.56289774649767,5.43501503968163,5.45782979488825,854558054,0.0,1.0
2008-05-06,186.66,187.12,182.18,184.56,32816800,5.60342395640416,5.61723288718711,5.4689369783441,5.54038318543851,918871318,0.0,1.0
2008-05-07,182.59,188.2,180.54,186.13,41326200,5.48124493838978,5.64965385511231,5.4197051381614,5.58751366658902,1157134757,0.0,1.0
2008-05-08,185.06,186.5,183.07,183.75,32110200,5.55539289281128,5.59862085004487,5.49565425746764,5.51606745949461,899086499,0.0,1.0
2008-05-09,183.45,184.25,181.37,183.18,24038300,5.50706163507095,5.53107716686739,5.44462125240021,5.49895639308965,673073073,0.0,1.0
2008-05-12,188.16,188.87,182.85,185.12,29234400,5.64845307852248,5.66976686299182,5.48904998622362,5.55719405769602,818564018,0.0,1.0
2008-05-13,189.96,191.45,187.86,188.6,29401300,5.70248802506447,5.74721695303534,5.63944725409882,5.66166162101052,823237223,0.0,1.0
2008-05-14,186.26,192.24,185.57,191.29,32743700,5.59141619050594,5.77093229068432,5.57070279433151,5.74241384667605,916824516,0.0,1.0
2008-05-15,189.73,189.9,184.2,186.78,31186000,5.695583559673,5.70068686017974,5.52957619613011,5.60702628617363,873208873,0.0,1.0
2008-05-16,187.6201,190.3,187.0,190.3,27348900,5.63224559650136,5.71269462607796,5.61363055741765,5.71269462607796,765769965,0.0,1.0
2008-05-19,183.6,188.69,181.3,187.9,33779300,5.51156454728278,5.66436336833762,5.44251989336802,5.64064803068864,945821345,0.0,1.0
2008-05-20,185.9,186.16,180.12,181.83,34637500,5.58060920119754,5.58841424903139,5.40709698396827,5.45843018318316,969850969,0.0,1.0
2008-05-21,178.19,188.0,176.25,185.61,41344900,5.34915951350936,5.6436499721632,5.290921848903,5.57190357092133,1157658357,0.0,1.0
2008-05-22,177.05,181.33,172.0,179.18,43097700,5.31493738069944,5.44342047581038,5.16333933623441,5.37887873410745,1206736806,0.0,1.0
2008-05-23,181.17,181.99,177.8,180.75,32389900,5.4386173694511,5.46323328954245,5.3374519417586,5.42600921525797,906918106,0.0,1.0
2008-05-27,186.43,186.43,181.84,182.8,28210900,5.59651949101268,5.59651949101268,5.45873037733061,5.48754901548634,789905989,0.0,1.0
2008-05-28,187.01,187.95,183.72,187.49,26570700,5.6139307515651,5.64214900142592,5.51516687705225,5.62834007064297,743980343,0.0,1.0
2008-05-29,186.69,188.2,185.5,186.93,23113800,5.60432453884653,5.64965385511231,5.56860143529932,5.61152919838546,647187047,0.0,1.0
2008-05-30,188.75,189.54,187.38,187.5,21792300,5.66616453322236,5.68987987087134,5.62503793502095,5.62864026479042,610185010,0.0,1.0
2008-06-02,186.1,189.65,184.53,188.5,24280000,5.58661308414665,5.69318200649335,5.53948260299614,5.65865967953597,679840679,0.0,1.0
2008-06-03,185.37,188.2,182.3354,186.9,26804300,5.5646989113824,5.64965385511231,5.47360199539556,5.61062861594309,750521150,0.0,1.0
2008-06-04,185.19,187.09,183.23,184.0,25963700,5.5592954167282,5.61633230474475,5.50045736382693,5.523572313181,726984326,0.0,1.0
2008-06-05,189.43,189.84,185.7,186.25,26980200,5.68657773524933,5.69888569529501,5.57460531824843,5.59111599635848,755446355,0.0,1.0
2008-06-06,185.64,189.95,185.55,188.0,34515100,5.5728041533637,5.70218783091702,5.5701024060366,5.6436499721632,966423766,0.0,1.0
2008-06-09,181.61,184.94,175.75,184.92,67442600,5.45182591193914,5.55179056304182,5.27591214153022,5.5511901747469,1888394688,0.0,1.0
2008-06-10,185.64,186.78,179.02,180.33,40747900,5.5728041533637,5.60702628617363,5.37407562774817,5.41340106106484,1140942340,0.0,1.0
2008-06-11,180.81,186.0,179.59,184.34,34341100,5.4278103801427,5.5836111426721,5.39118669415313,5.53377891419449,961551761,0.0,1.0
2008-06-12,173.26,182.6,171.2,181.45,46726200,5.2011637988138,5.48154513253723,5.13932380443797,5.44702280557985,1308334908,0.0,1.0
2008-06-13,172.37,174.16,165.31,171.5,48069900,5.17444651969027,5.2281812720848,4.96250945158669,5.14832962886164,1345958545,0.0,1.0
2008-06-16,176.84,177.9,169.07,171.25,37561800,5.30863330360287,5.34045388323315,5.07538245102995,5.14082477517525,1051731451,0.0,1.0
2008-06-17,181.43,181.99,177.41,178.17,32130600,5.44642241728494,5.46323328954245,5.32574437000783,5.34855912521445,899657699,0.0,1.0
2008-06-18,178.75,182.2,177.35,181.0,28981000,5.36597038576687,5.46953736663901,5.3239432051231,5.43351406894435,811468811,0.0,1.0
2008-06-19,180.9,182.34,176.8,178.48,28283900,5.4305121274698,5.47374008470339,5.30743252701305,5.35786514378557,791949991,0.0,1.0
2008-06-20,175.27,181.0,175.0,176.55,31727400,5.26150282245236,5.43351406894435,5.25339758047106,5.29992767332666,888368088,0.0,1.0
2008-06-23,173.16,175.88,171.56,174.78,23063600,5.19816185733925,5.27981466544714,5.15013079374637,5.24679330922704,645781445,0.0,1.0
2008-06-24,173.25,175.78,171.63,172.06,22212400,5.20086360466635,5.27681272397259,5.15223215277856,5.16514050111915,621947821,0.0,1.0
2008-06-25,177.39,178.83,173.88,174.5,23016100,5.32514398171292,5.36837193894651,5.21977583595605,5.23838787309829,644451444,0.0,1.0
2008-06-26,168.26,174.844,168.01,174.14,31057500,5.05106672508606,5.24871455177075,5.04356187139967,5.22758088378989,869610869,0.0,1.0
2008-06-27,170.09,170.57,164.15,166.44,37223200,5.10600225407041,5.12041157314828,4.92768693048185,4.99643139024916,1042250642,0.0,1.0
2008-06-30,167.44,172.0,166.62,170.04,24435600,5.02645080499471,5.16333933623441,5.00183488490336,5.10450128333314,684197484,0.0,1.0
2008-07-01,174.68,174.72,164.0,164.05,39688600,5.24379136775248,5.24499214434231,4.92318401827002,4.9246849890073,1111281911,0.0,1.0
2008-07-02,168.18,177.45,168.1788,175.05,29911400,5.04866517190642,5.32694514659765,5.04862914860872,5.25489855120834,837520037,0.0,1.0
2008-07-03,170.12,172.17,165.75,169.59,18691500,5.10690283651278,5.16844263674116,4.97571799407473,5.09099254669764,523362523,0.0,1.0
2008-07-07,175.16,177.13,171.9,173.0,29299700,5.25820068683035,5.31733893387908,5.16033739475986,5.19335875097996,820392420,0.0,1.0
2008-07-08,179.55,179.7,172.7401,175.4,31726800,5.38998591756331,5.39448882977514,5.18555670508759,5.26540534636928,888351288,0.0,1.0
2008-07-09,174.25,180.91,174.14,180.25,31992000,5.2308830194119,5.43081232161725,5.22758088378989,5.41099950788519,895776895,0.0,1.0
2008-07-10,176.63,177.34,171.37,174.91,30024600,5.3023292265063,5.32364301097564,5.14442710494472,5.25069583314396,840689640,0.0,1.0
2008-07-11,172.58,177.11,171.0,175.37,33214700,5.18075059678683,5.31673854558417,5.13331992148886,5.26450476392691,930012530,0.0,1.0
2008-07-14,173.88,179.3,173.08,175.37,31644800,5.21977583595605,5.38248106387692,5.19576030415961,5.26450476392691,886055286,0.0,1.0
2008-07-15,169.64,173.74,166.39,172.3,37144400,5.09249351743492,5.21557311789167,4.99493041951188,5.17234516065808,1040044240,0.0,1.0
2008-07-16,172.81,172.93,168.6,170.08,26706800,5.18765506217831,5.19125739194777,5.06127332609955,5.10570205992296,747791147,0.0,1.0
2008-07-17,171.81,174.98,171.39,174.09,27054500,5.15763564743276,5.25279719217615,5.14502749323963,5.22607991305261,757526757,0.0,1.0
2008-07-18,165.15,169.65,165.0,168.21,31014800,4.9577063452274,5.09279371158237,4.95320343301557,5.04956575434878,868415268,0.0,1.0
2008-07-21,166.29,167.5,161.12,166.9,48588200,4.99192847803733,5.02825196987944,4.83672810380284,5.01024032103211,1360470960,0.0,1.0
2008-07-22,162.02,162.76,146.53,148.9,67128300,4.86374557707383,4.88595994398554,4.39874484266528,4.46989085561223,1879594279,0.0,1.0
2008-07-23,166.26,168.37,161.56,165.15,37920300,4.99102789559496,5.05436886070807,4.84993664629088,4.9577063452274,1061769461,0.0,1.0
2008-07-24,159.03,165.26,158.45,164.3,29986400,4.77398752698464,4.96100848084941,4.75657626643222,4.93218984269369,839620039,0.0,1.0
2008-07-25,162.12,163.0,158.65,160.37,22629900,4.86674751854839,4.89316460352447,4.76258014938134,4.81421354274368,633637833,0.0,1.0
2008-07-28,154.4,162.47,154.02,162.18,27882600,4.63499763671275,4.87725431370933,4.62359025910944,4.86854868343312,780713580,0.0,1.0
2008-07-29,157.08,159.45,153.65,156.55,24431100,4.71544966823082,4.78659568117777,4.61248307565359,4.69953937841568,684071484,0.0,1.0
2008-07-30,159.88,160.49,156.08,157.71,25899400,4.79950402951836,4.81781587251314,4.68543025348527,4.73436189952052,725183925,0.0,1.0
2008-07-31,158.95,162.2,156.98,157.7,22767800,4.771585973805,4.86914907172803,4.71244772675627,4.73406170537306,637499037,0.0,1.0
2008-08-01,156.66,159.99,155.75,159.94,19451400,4.70284151403769,4.80280616514037,4.67552384661924,4.80130519440309,544639744,0.0,1.0
2008-08-04,153.23,157.9,152.91,156.58,21161700,4.59987492146046,4.74006558832217,4.59026870874188,4.70043996085805,592528192,0.0,1.0
2008-08-05,160.64,160.8,154.82,155.5,24584700,4.82231878472498,4.82712189108427,4.64760579090588,4.66801899293286,688372288,0.0,1.0
2008-08-06,164.19,167.4,158.0,159.97,28264600,4.92888770707168,5.02525002840489,4.74306752979673,4.80220577684546,791409591,0.0,1.0
2008-08-07,163.57,166.15,161.5,162.89,24013300,4.91027566992943,4.98772575997295,4.84813548140615,4.88986246790246,672373072,0.0,1.0
2008-08-08,169.55,169.65,163.75,163.86,25499900,5.08979177010782,5.09279371158237,4.91567916458363,4.91898130020564,713997913,0.0,1.0
2008-08-11,173.56,176.5,169.67,170.07,31832300,5.21016962323747,5.29842670258938,5.09339409987728,5.1054018657755,891305291,0.0,1.0
2008-08-12,176.73,179.29,173.51,173.52,29867100,5.30533116798086,5.38218086972946,5.20866865250019,5.20896884664765,836279636,0.0,1.0
2008-08-13,179.3,180.0,175.9,177.98,30083800,5.38248106387692,5.4034946541988,5.28041505374205,5.34285543641279,842347242,0.0,1.0
2008-08-14,179.32,180.45,177.84,178.33,25403600,5.38308145217183,5.4170033908343,5.33865271834842,5.35336223157374,711301511,0.0,1.0
2008-08-15,175.74,179.75,175.05,179.04,25294700,5.27561194738277,5.39598980051242,5.25489855120834,5.37467601604308,708252308,0.0,1.0
2008-08-18,175.39,177.81,173.82,175.57,19714800,5.26510515222182,5.33775213590605,5.21797467107131,5.27050864687602,552014952,0.0,1.0
2008-08-19,173.53,177.07,171.81,174.54,22007300,5.2092690407951,5.31553776899435,5.15763564743276,5.23958864968811,616205016,0.0,1.0
2008-08-20,175.84,176.94,173.61,174.7725,18105400,5.27861388885732,5.31163524507742,5.21167059397475,5.24656816361645,506951706,0.0,1.0
2008-08-21,174.29,175.45,171.89,174.47,19276600,5.23208379600172,5.26690631710656,5.1600372006124,5.23748729065592,539745339,0.0,1.0
2008-08-22,176.79,177.5,175.57,175.82,15700400,5.30713233286559,5.32844611733493,5.27050864687602,5.27801350056241,439611639,0.0,1.0
2008-08-25,172.55,176.23,171.66,176.15,17300900,5.17985001434447,5.29032146060808,5.15313273522093,5.28791990742844,484425684,0.0,1.0
2008-08-26,173.64,174.88,172.6101,172.76,15912500,5.21257117641711,5.24979525070159,5.18165418117067,5.18615409144103,445550445,0.0,1.0
2008-08-27,174.67,175.76,172.1909,173.31,17063600,5.24349117360503,5.27621233567768,5.16907004250934,5.20266476955108,477781277,0.0,1.0
2008-08-28,173.74,176.25,172.75,175.28,15406600,5.21557311789167,5.290921848903,5.18585389729357,5.26180301659981,431385231,0.0,1.0
2008-08-29,169.53,173.5,169.0401,172.96,21403200,5.08919138181291,5.20836845835274,5.07448487052906,5.19215797439014,599290199,0.0,1.0
2008-09-02,166.19,173.5,165.0,172.4,27884400,4.98892653656277,5.20836845835274,4.95320343301557,5.17534710213263,780763980,0.0,1.0
2008-09-03,166.96,168.68,164.0,166.84,26244100,5.01204148591685,5.06367487927919,4.92318401827002,5.00843915614738,734835534,0.0,1.0
2008-09-04,161.22,167.9125,160.81,165.86,26549500,4.8397300452774,5.04063497846198,4.82742208523172,4.97902012969674,743386743,0.0,1.0
2008-09-05,160.18,162.4,157.65,158.59,28103000,4.80850985394202,4.87515295467714,4.73256073463579,4.7607789844966,786884786,0.0,1.0
2008-09-08,157.92,164.89,151.4585,164.57,37356400,4.74066597661708,4.94990129739356,4.54669552823872,4.94029508467498,1045980245,0.0,1.0
2008-09-09,151.68,159.96,149.79,156.86,44465200,4.55334482860486,4.801905582698,4.49660813473577,4.7088453969868,1245026845,0.0,1.0
2008-09-10,151.61,154.99,148.8,152.32,34755100,4.55124346957267,4.65270909141263,4.46688891413768,4.57255725404201,973143773,0.0,1.0
2008-09-11,152.65,152.99,146.0,148.18,34683400,4.58246366090804,4.59267026192153,4.38283455285014,4.44827687699544,971136171,0.0,1.0
2008-09-12,148.94,150.9099,146.5,150.9099,28322400,4.47109163220205,4.53022687730931,4.39784426022292,4.53022687730931,793027993,0.0,1.0
2008-09-15,140.36,147.69,140.36,142.03,32879800,4.21352505368525,4.43356736377012,4.21352505368525,4.26365747631031,920635320,0.0,1.0
2008-09-16,139.88,142.5,132.15,133.86,42851300,4.19911573460738,4.27776660124072,3.96706565862429,4.01839885783918,1199837599,0.0,1.0
2008-09-17,127.83,138.51,127.83,138.49,42873400,3.83738178692352,4.15798913640598,3.83738178692352,4.15738874811107,1200456400,0.0,1.0
2008-09-18,134.09,140.0,120.68,130.57,59866200,4.02530332323065,4.20271806437685,3.62274297149284,3.91963498332632,1676255276,0.0,1.0
2008-09-19,140.91,144.2,136.31,142.6,51102700,4.2300357317953,4.32879960630815,4.09194642396577,4.28076854271527,1430877030,0.0,1.0
2008-09-22,131.05,140.25,130.66,139.94,30596900,3.93404430240419,4.21022291806324,3.92233673065342,4.20091689949211,856714056,0.0,1.0
2008-09-23,126.84,135.8,126.66,131.85,45727300,3.80766256632542,4.07663652244554,3.80225907167123,3.95805983420062,1280365680,0.0,1.0
2008-09-24,128.71,130.95,125.15,127.27,37393400,3.8637988718996,3.93104236092963,3.75692975540545,3.82057091466601,1047016247,0.0,1.0
2008-09-25,131.93,134.79,128.52,129.8,35930200,3.96046138738027,4.04631691355254,3.85809518309795,3.89652003397225,1006046606,0.0,1.0
2008-09-26,128.24,129.8,123.0,124.91,40230400,3.84968974696919,3.89652003397225,3.69238801370252,3.74972509586651,1126452326,0.0,1.0
2008-09-29,105.26,119.68,100.59,119.62,93644900,3.15984359611648,3.59272355674729,3.01965292925477,3.59092239186256,2622059822,0.0,1.0
2008-09-30,113.66,115.0,106.3,108.25,58095800,3.41200667997909,3.45223269573812,3.19106378745185,3.24960164620567,1626684026,0.0,1.0
2008-10-01,109.12,112.36,107.39,111.92,46303000,3.2757185370343,3.37298144080988,3.2237849495245,3.35977289832183,1296485296,0.0,1.0
2008-10-02,100.1,108.79,100.0,108.01,57477300,3.00494341602945,3.26581213016827,3.00194147455489,3.24239698666674,1609366009,0.0,1.0
2008-10-03,97.07,106.5,94.65,104.0,81942800,2.91398458935043,3.19706767040096,2.8413376056662,3.12201913353709,2294400694,0.0,1.0
2008-10-06,98.14,98.78,87.54,91.96,75264900,2.94610536312817,2.96531778856532,2.62789956682535,2.76058538000068,2107419307,0.0,1.0
2008-10-07,89.16,101.5,88.95,100.48,67099000,2.67653101871314,3.04697059667321,2.67022694161658,3.01635079363275,1878773878,0.0,1.0
2008-10-08,89.79,96.33,85.68,85.9125,78847900,2.69544325000284,2.89177022243873,2.57206345539863,2.57904296932697,2207743407,0.0,1.0
2008-10-09,88.74,95.8,86.6,93.35,57763700,2.66392286452001,2.87585993262359,2.59968131696454,2.80231236649699,1617385217,0.0,1.0
2008-10-10,96.8,100.0,85.0,85.7,79260700,2.90587934736913,3.00194147455489,2.55165025337166,2.57266384369354,2219301819,0.0,1.0
2008-10-13,110.26,110.53,101.02,104.55,54967000,3.30994066984422,3.31804591182552,3.03256127759535,3.13852981164714,1539077539,0.0,1.0
2008-10-14,104.08,116.4,103.14,116.26,70749800,3.12442068671673,3.49425987638189,3.09620243685591,3.49005715831752,1980996380,0.0,1.0
2008-10-15,97.95,107.0,97.89,103.84,56577700,2.94040167432652,3.21207737777373,2.93860050944178,3.1172160271778,1584177184,0.0,1.0
2008-10-16,101.89,103.43,91.74,99.77,70732900,3.05867816842398,3.10490806713212,2.75398110875666,2.99503700916341,1980523180,0.0,1.0
2008-10-17,97.4,102.04,85.885,99.6,62936700,2.92389099621646,3.06318108063581,2.57821743542147,2.98993370865667,1762229362,0.0,1.0
2008-10-20,98.44,100.03,93.64,99.78,55327500,2.95511118755183,3.00284205699726,2.8110179967732,2.99533720331087,1549171549,0.0,1.0
2008-10-21,91.49,97.9,91.16,96.95,78345000,2.74647625507027,2.93890070358924,2.73656984820424,2.91038225958097,2193662193,0.0,1.0
2008-10-22,96.87,101.25,92.93,97.37,80314600,2.90798070640132,3.03946574298683,2.78970421230386,2.9229904137741,2248811048,0.0,1.0
2008-10-23,98.23,99.25,91.9,96.51,59836800,2.94880711045527,2.97942691349573,2.75878421511595,2.89717371709293,1675432075,0.0,1.0
2008-10-24,96.38,97.9,90.11,90.33,56787800,2.893271193176,2.93890070358924,2.70504946272141,2.71165373396543,1590059990,0.0,1.0
2008-10-27,92.09,97.63,91.86,95.07,43170400,2.7644879039176,2.93079546160794,2.75758343852612,2.85394575985933,1208772408,0.0,1.0
2008-10-28,99.91,100.5,92.37,95.43,58361900,2.99923972722779,3.01695118192767,2.77289334004635,2.86475274916773,1634134834,0.0,1.0
2008-10-29,104.55,109.54,99.94,100.86,69677800,3.13852981164714,3.28832669122743,3.00014030967016,3.02775817123606,1950980350,0.0,1.0
2008-10-30,111.04,112.19,107.61,108.23,58503200,3.33335581334575,3.36787814030313,3.23038922076852,3.24900125791076,1638091238,0.0,1.0
2008-10-31,107.59,110.78,105.14,107.4,59277000,3.22978883247361,3.32555076551191,3.15624126634701,3.22408514367195,1659757659,0.0,1.0
2008-11-03,106.96,109.1,104.86,105.93,37783500,3.21087660118391,3.27511814873939,3.14783583021826,3.179956603996,1057939057,0.0,1.0
2008-11-04,110.99,111.79,106.67,109.99,49952900,3.33185484260847,3.35587037440491,3.2021709709077,3.30183542786292,1398682598,0.0,1.0
2008-11-05,103.3,109.72,102.99,108.91,44873400,3.1010055432152,3.29373018588163,3.09169952464408,3.26941445993773,1256456456,0.0,1.0
2008-11-06,99.1,102.78,98.0,101.05,47109800,2.9749240012839,3.08539544754752,2.94190264506379,3.03346186003772,1319075719,0.0,1.0
2008-11-07,98.24,99.85,95.72,99.24,39116200,2.94910730460272,2.99743856234306,2.87345837944394,2.97912671934827,1095254695,0.0,1.0
2008-11-10,95.88,100.4,94.5,100.17,40136500,2.87826148580323,3.01394924045311,2.83683469345437,3.00704477506163,1123823123,0.0,1.0
2008-11-11,94.77,97.17,92.26,94.81,43733500,2.84493993543567,2.91698653082499,2.76959120442434,2.84614071202549,1224539224,0.0,1.0
2008-11-12,90.12,93.24,90.01,92.43,42106300,2.70534965686887,2.79901023087498,2.70204752124686,2.77469450493109,1178977578,0.0,1.0
2008-11-13,96.44,96.44,86.02,89.87,66217400,2.89507235806074,2.89507235806074,2.58227005641212,2.69784480318248,1854089054,0.0,1.0
2008-11-14,90.24,93.99,90.0,93.76,50188100,2.70895198663833,2.82152479193414,2.7017473270994,2.81462032654267,1405268205,0.0,1.0
2008-11-17,88.14,90.55,87.26,88.48,41518800,2.64591121567268,2.71825800520945,2.6194941306966,2.65611781668617,1162527562,0.0,1.0
2008-11-18,89.91,90.99,86.86,89.64,43203400,2.6990455797723,2.7314665476975,2.60748636479838,2.690940337791,1209696409,0.0,1.0
2008-11-19,86.29,91.58,86.21,89.44,41853600,2.59037529839342,2.74917800239737,2.58797374521377,2.68493645484189,1171901971,0.0,1.0
2008-11-20,80.49,86.45,80.0,85.24,61314800,2.41626269286923,2.5951784047527,2.40155317964391,2.55885491291059,1716816116,0.0,1.0
2008-11-21,82.58,84.12,79.14,81.93,56045400,2.47900326968743,2.52523316839557,2.37573648296274,2.45949065010282,1569272769,0.0,1.0
2008-11-24,92.95,94.79,84.84,85.21,51509200,2.79030460059877,2.84554032373058,2.54684714701237,2.55795433046822,1442259042,0.0,1.0
2008-11-25,90.8,94.7099,88.16,94.63,44117600,2.72576285889584,2.84313576860946,2.64651160396759,2.84073721737129,1235294035,0.0,1.0
2008-11-26,95.0,95.25,89.85,89.92,32137000,2.85184440082715,2.85934925451353,2.69724441488757,2.69934577391976,899836899,0.0,1.0
2008-11-28,92.67,94.76,91.86,94.7,10634800,2.78189916447002,2.84463974128822,2.75758343852612,2.84283857640348,297774697,0.0,1.0
2008-12-01,88.93,92.27,88.923,91.3,32991700,2.66962655332166,2.7698913985718,2.66941641741845,2.74077256626862,923768523,0.0,1.0
2008-12-02,92.47,92.65,86.5,90.03,41025800,2.77589528152091,2.78129877617511,2.59667937548998,2.70264790954177,1148723548,0.0,1.0
2008-12-03,95.9,96.23,88.8,89.4,47810000,2.87886187409814,2.88876828096417,2.66572402940474,2.68373567825207,1338681338,0.0,1.0
2008-12-04,91.41,95.21,89.06,94.43,38977500,2.74407470189063,2.85814847792371,2.67352907723859,2.83473333442218,1091371091,0.0,1.0
2008-12-05,94.0,94.49,88.86,90.35,37278400,2.8218249860816,2.83653449930692,2.66752519428948,2.71225412226034,1043796243,0.0,1.0
2008-12-08,99.72,100.8,95.8,97.28,42326500,2.99353603842614,3.02595700635133,2.87585993262359,2.920288666447,1185143185,0.0,1.0
2008-12-09,100.06,103.6,97.21,98.395,42982000,3.00374263943962,3.11001136763887,2.91818730741481,2.95376031388829,1203497203,0.0,1.0
2008-12-10,98.21,99.49,96.5,97.87,33501700,2.94820672216036,2.98663157303466,2.89687352294547,2.93800012114687,938048538,0.0,1.0
2008-12-11,95.0,101.24,94.83,97.35,37164900,2.85184440082715,3.03916554883937,2.8467411003204,2.92239002547919,1040618240,0.0,1.0
2008-12-12,98.27,99.0,92.53,92.8,37184800,2.95000788704509,2.97192205980934,2.77769644640564,2.78580168838694,1041175441,0.0,1.0
2008-12-15,94.75,96.21,93.0,95.99,31848500,2.84433954714076,2.88816789266926,2.79180557133605,2.88156362142524,891758891,0.0,1.0
2008-12-16,95.43,96.48,92.75,93.98,39053800,2.86475274916773,2.89627313465056,2.78430071764966,2.82122459778669,1093507493,0.0,1.0
2008-12-17,89.16,91.1,88.02,91.03,46209300,2.67653101871314,2.73476868331951,2.64230888590322,2.73266732428732,1293861693,0.0,1.0
2008-12-18,89.43,90.83,88.44,89.31,30622000,2.68463626069444,2.72666344133821,2.65491704009635,2.68103393092497,857416857,0.0,1.0
2008-12-19,90.0,90.94,88.8,90.13,28640000,2.7017473270994,2.72996557696022,2.66572402940474,2.70564985101632,801920801,0.0,1.0
2008-12-22,85.74,90.03,84.69,90.02,30169300,2.57386462028336,2.70264790954177,2.54234423480054,2.70234771539431,844741244,0.0,1.0
2008-12-23,86.38,87.87,85.9,86.87,22679700,2.59307704572052,2.63780597369138,2.57866772664265,2.60778655894583,635032235,0.0,1.0
2008-12-24,85.04,86.25,84.55,86.14,9690500,2.55285102996148,2.58917452180359,2.53814151673616,2.58587238618158,271334271,0.0,1.0
2008-12-26,85.81,87.42,85.24,86.64,11011600,2.57596597931555,2.62429723705589,2.55885491291059,2.60088209355436,308325108,0.0,1.0
2008-12-29,86.61,87.62,85.07,86.52,24500000,2.59998151111199,2.630301120005,2.55375161240385,2.59727976378489,686000686,0.0,1.0
2008-12-30,86.29,88.05,84.72,87.42,34557200,2.59037529839342,2.64320946834558,2.5432448172429,2.62429723705589,967602567,0.0,1.0
2008-12-31,85.35,87.74,85.34,85.97,21697900,2.5621570485326,2.63390344977446,2.56185685438514,2.58076908567484,607541807,0.0,1.0
